time,tip_velocity_B_1,tip_velocity_B_2,tip_velocity_B_3,tip_position_I_1,tip_position_I_2,tip_position_I_3
0,-0,0,0,1,0,0
0.000805363715071347,-0.000323891192475721,-0.000323418806255555,5.22716813638626e-11,0.999999999999954,6.08100437773966e-08,6.08231718819603e-08
0.00161072743014269,-0.00240130347001636,-0.00238325040603864,7.69419122570152e-09,0.999999999990688,9.45425072256169e-07,9.45504731958435e-07
0.00241609114521404,-0.00765148318365416,-0.00752112602474146,1.24221898513288e-07,0.999999999807091,4.61097616155336e-06,4.61132654706066e-06
0.00322145486028539,-0.0172057079785496,-0.0166986525762954,8.48336508267435e-07,0.999999998412429,1.39948936170335e-05,1.39966529923144e-05
0.00402681857535673,-0.0320410434267074,-0.0305768037558315,3.56413105746171e-06,0.999999992070217,3.27824770623978e-05,3.27902453306988e-05
0.00483218229042808,-0.0529655684826043,-0.049568997607939,1.13408362199029e-05,0.999999971014419,6.52457175273714e-05,6.52729108446436e-05
0.00563754600549943,-0.080679177046956,-0.0738100390366147,2.95128514018204e-05,0.999999914504673,0.000116069692984922,0.000116147887686514
0.00644290972057078,-0.115873465701579,-0.103302687536001,6.61913059522309e-05,0.999999784183047,0.000190254782919449,0.000190448087317918
0.00724827343564212,-0.159140998821465,-0.137995759408317,0.000133361322607101,0.999999515735846,0.000293070871948793,0.000293496148776773
0.00805363715071347,-0.211008961105062,-0.177435183368702,0.000248590686404729,0.999999009230028,0.00042995494656496,0.000430808016282947
0.00885900086578482,-0.271587534335978,-0.221085858327087,0.00043387656858576,0.999998119211944,0.000606301245370583,0.000607888270866597
0.00966436458085616,-0.341024142041829,-0.268325071096794,0.000713384483340417,0.999996644566962,0.00082735087229261,0.000830124527435266
0.0104697282959275,-0.419667829153172,-0.318491690033444,0.00111351058047614,0.999994317191255,0.00109824186987684,0.00110284257138552
0.0112750920109989,-0.507532833464463,-0.371355238989497,0.00166708974280029,0.999990789725015,0.00142407766906379,0.00143137956553527
0.0120804557260702,-0.604789955094788,-0.426068570922829,0.00241546661203676,0.999985625303883,0.00180985672756895,0.00182101630377935
0.0128858194411416,-0.711074890735767,-0.482059616593927,0.00340999461634486,0.999978290913514,0.00226033617187698,0.00227683945497787
0.0136911831562129,-0.825572293822308,-0.538766211526479,0.00471202532276763,0.999968155434927,0.00277986096837564,0.00280356577676757
0.0144965468712842,-0.947473726114822,-0.594843261412091,0.00638761895224466,0.999954494727151,0.00337213854325128,0.00340530764505899
0.0153019105863556,-1.07499011114456,-0.650047476256994,0.00849169006689327,0.999936503874521,0.00404003320751901,0.00408535449461705
0.0161072743014269,-1.20703435129012,-0.703567831325433,0.0110568932096871,0.999913308136661,0.00478557775324005,0.00484617141659128
0.0169126380164983,-1.34266591753644,-0.755102106328937,0.0140956696955645,0.999883965508251,0.00561018112479536,0.00568959721707034
0.0177180017315696,-1.48058602830884,-0.805472620676845,0.0176053063077154,0.999847464963234,0.00651481079548442,0.00661702037652735
0.018523365446641,-1.62040388510765,-0.853980162652125,0.0215648305992059,0.999802727460167,0.00750005024246692,0.00762942911158513
0.0193287291617123,-1.76090720823138,-0.901741599322817,0.0259362010124971,0.999748608394994,0.00856613950017862,0.00872744035522503
0.0201340928767837,-1.90132093165976,-0.949265488240873,0.0306770921257239,0.999683900715849,0.00971304054446104,0.00991135350512964
0.020939456591855,-2.04123323522969,-0.99630727067395,0.0357486885137107,0.999607345909141,0.0109404495418427,0.0111811482081579
0.0217448203069264,-2.1791580472891,-1.04478239056019,0.0411199331485174,0.9995176532762,0.0122477835088996,0.0125364537594515
0.0225501840219977,-2.31491116452729,-1.09415258946591,0.0467829826345123,0.999413521746768,0.0136342106832325,0.0139765612841886
0.0233555477370691,-2.44737377231151,-1.1453130485866,0.0527784012834937,0.999293670368206,0.0150986444406928,0.0155004024018581
0.0241609114521404,-2.574781035778,-1.1992980618541,0.059188919529559,0.999156898623893,0.0166395356112622,0.0171063253164226
0.0249662751672118,-2.69599950767667,-1.2545122847876,0.0661130873037926,0.999002173591199,0.0182545685033206,0.0187917686439821
0.0257716388822831,-2.80829534568687,-1.31244904000784,0.0736449338184123,0.99882871913379,0.0199404815015573,0.0205530578126658
0.0265770025973544,-2.91020536432154,-1.37199827953246,0.0818775636714865,0.998636086289645,0.0216930815652561,0.0223854082844763
0.0273823663124258,-3.00033026082709,-1.43228938335767,0.0908923020168576,0.998424209350602,0.0235073208218082,0.0242830037500454
0.0281877300274971,-3.07655300845239,-1.49452772035964,0.100758089016947,0.998193441661576,0.0253774285283549,0.0262391429485193
0.0289930937425685,-3.13889977574289,-1.55615837041225,0.11154359360665,0.997944571823838,0.0272970843070381,0.0282464399482907
0.0297984574576398,-3.18588349361119,-1.61782669894008,0.123333824055845,0.997678833761038,0.0292595335363293,0.0302969812601639
0.0306038211727112,-3.21657142721828,-1.67861733634279,0.136196205034481,0.997397935370919,0.031257523753335,0.0323823056639078
0.0314091848877825,-3.23095598048723,-1.73585274145011,0.150151135204704,0.997104079882232,0.0332832333835369,0.0344933685326732
0.0322145486028539,-3.22747707827736,-1.79044662507946,0.165164479238514,0.996799950210904,0.0353283363554468,0.0366206410590313
0.0330199123179252,-3.20700763279513,-1.83935287459934,0.181165046455949,0.996488652748413,0.0373841586683184,0.0387543112956336
0.0338252760329966,-3.16944688144054,-1.8816399607399,0.198027469733603,0.996173657682683,0.0394417433445833,0.0408843952258782
0.0346306397480679,-3.11448572333407,-1.91697154710668,0.215566886894186,0.995858732885162,0.0414918840444125,0.0430008070516783
0.0354360034631393,-3.04397054921657,-1.94198254733696,0.233540781291851,0.995547864861643,0.0435251928021465,0.0450934536170513
0.0362413671782106,-2.95758303198168,-1.95734047249543,0.251657581789365,0.995245161259273,0.0455322055495171,0.0471523608381475
0.037046730893282,-2.85706872529041,-1.96112495884489,0.269558555007111,0.99495474316973,0.0475034891807234,0.0491677873447863
0.0378520946083533,-2.74461125973217,-1.95221534015438,0.286840239375768,0.994680589723407,0.0494299082655862,0.0511304823411819
0.0386574583234246,-2.62150899150562,-1.93226429836452,0.303101889777973,0.994426337309836,0.0513030444142878,0.0530320976478002
0.039462822038496,-2.49178709076557,-1.90006551327202,0.317989665391802,0.994195083018874,0.0531155783583765,0.0548655706239167
0.0402681857535673,-2.35729290553324,-1.85760822537979,0.331189796399083,0.993989259830935,0.0548614299799128,0.0566252596877243
0.0410735494686387,-2.2204330975844,-1.80606339415819,0.342423083160289,0.993810569290319,0.0565357688683358,0.0583069274730716
0.04187891318371,-2.0843286315364,-1.7456473050809,0.351442087810381,0.993659948533236,0.0581349951681665,0.0599076801553936
0.0426842768987814,-1.94974296654048,-1.67918585553715,0.358029340810351,0.993537564579137,0.0596566988699161,0.0614258778017134
0.0434896406138527,-1.81928893014309,-1.60699281781805,0.361985554406846,0.993442842044372,0.061099577205423,0.0628609942772083
0.0442950043289241,-1.6943487660819,-1.53090471086078,0.363144543160395,0.993374491702903,0.0624634380667803,0.0642135568572729
0.0451003680439954,-1.57585000809098,-1.45319421971355,0.361393844786891,0.993330544933289,0.0637492606860029,0.0654851570205227
0.0459057317590668,-1.46592468645325,-1.37441419251262,0.35667921293548,0.993308428199843,0.0649591679622623,0.0666783875411578
0.0467110954741381,-1.36453399056451,-1.29691458121617,0.348986086240929,0.993305084278012,0.0660962690002143,0.0677966517970378
0.0475164591892095,-1.2728395408388,-1.22167123735353,0.338335642663209,0.993317081008421,0.0671645768290685,0.0688440415245744
0.0483218229042808,-1.19194503459372,-1.14993135129354,0.32479586303518,0.993340680647506,0.0681690806324052,0.0698253876973276
0.0491271866193522,-1.12210721478966,-1.083979944166,0.308495989385528,0.993371902415448,0.0691158542893549,0.0707463738750897
0.0499325503344235,-1.06501398781091,-1.02458170468099,0.289630133264813,0.993406608782414,0.0700120926060553,0.0716136006779652
0.0507379140494948,-1.02039213216304,-0.973992128415171,0.268458113792971,0.993440613913006,0.0708660790776054,0.0724345637122916
0.0515432777645662,-0.986637834822568,-0.933231709285263,0.245285574184914,0.993469920978085,0.0716867052219938,0.0732168804071646
0.0523486414796375,-0.964027687151513,-0.900441334695848,0.220449380581948,0.993490963413277,0.0724826794036681,0.0739674981666481
0.0531540051947089,-0.951087474884938,-0.875536119098318,0.194315673391323,0.993500673812972,0.0732621864277098,0.0746927462705299
0.0539593689097802,-0.947182694771722,-0.857938040443477,0.167282994498882,0.99349650239839,0.0740328122054115,0.0753985231646405
0.0547647326248516,-0.952301856967047,-0.846926696234732,0.139773787231853,0.993476400434282,0.0748017326584007,0.0760904761215319
0.0555700963399229,-0.965223040178896,-0.843562045360865,0.112228712090439,0.993438788262124,0.0755757844817812,0.0767743340379689
0.0563754600549943,-0.986284698826943,-0.847238767444317,0.0850820036358498,0.993382534683191,0.0763615293243005,0.0774560182901266
0.0571808237700656,-1.01506618333654,-0.858446746437038,0.0587398032883413,0.993306929394541,0.0771653345849522,0.0781416376577426
0.057986187485137,-1.05113097302514,-0.878059374553744,0.0335632661983163,0.99321162567002,0.0779934955092891,0.0788375750678156
0.0587915512002083,-1.09501981133878,-0.906108305627256,0.00988306605645338,0.99309657131678,0.0788521816677705,0.0795508120079908
0.0595969149152797,-1.14591338982911,-0.944326225515148,-0.0119959373215401,0.992961958684597,0.079747464621003,0.0802890460540153
0.060402278630351,-1.20442171076284,-0.992777382854463,-0.0317970113682035,0.992808184403023,0.0806854636987839,0.0810605410175115
0.0612076423454224,-1.27093935498398,-1.05153834106576,-0.0492885141021073,0.992635797892882,0.0816724836282535,0.0818739010046694
0.0620130060604937,-1.34452618279969,-1.12171506418235,-0.0642833295611681,0.992445447325012,0.082714839207902,0.0827379268456368
0.0628183697755651,-1.42576945701992,-1.20183085820966,-0.0766522852257773,0.992237832275543,0.0838185938654225,0.0836613679922694
0.0636237334906364,-1.51333970994182,-1.29236086405145,-0.0863364412260892,0.992013638645909,0.0849893726281019,0.084652658623472
0.0644290972057077,-1.60653356904789,-1.39290126422642,-0.0933523168967011,0.991773441102083,0.0862322612588181,0.0857198735736497
0.0652344609207791,-1.70528312810693,-1.50215802285106,-0.0977753898141587,0.991517597620092,0.0875516589472542,0.0868707824494784
0.0660398246358504,-1.80749960294139,-1.62073762266979,-0.0997436833680277,0.991246160133,0.08895125848971,0.0881126454968167
0.0668451883509218,-1.91366458291448,-1.74589193693501,-0.0994771108896378,0.990958786286535,0.0904341359817258,0.0894517392214274
0.0676505520659931,-2.02256639796498,-1.87624428258643,-0.0972813289706422,0.990654650567537,0.0920027294700092,0.0908930030686803
0.0684559157810645,-2.13211457658589,-2.01069434532279,-0.0935264183432766,0.990332385680279,0.0936585707787109,0.092439821173235
0.0692612794961358,-2.24258229941932,-2.14509776328296,-0.0886260170616596,0.989990079290689,0.0954020304657615,0.094093812426664
0.0700666432112072,-2.35070744687053,-2.27894441312425,-0.083026843729397,0.98962530593199,0.0972322532375055,0.0958546028787877
0.0708720069262785,-2.45592859252186,-2.40892837615079,-0.077172763320655,0.989235186861924,0.0991471313684535,0.0977198650884588
0.0716773706413499,-2.55715762308053,-2.53223149388707,-0.0714769734984382,0.988816498080891,0.101143225126682,0.0996853720398905
0.0724827343564212,-2.65093547020163,-2.64828177176614,-0.0663160887297391,0.988365837442598,0.103215722715209,0.101744942836137
0.0732880980714926,-2.73805830498401,-2.75236678925684,-0.062054230055657,0.987879814838295,0.105358501175498,0.10389034741984
0.0740934617865639,-2.81526522232754,-2.84433298582736,-0.059017094603407,0.987355242310717,0.10756408773709,0.106111639390019
0.0748988255016352,-2.88082748340519,-2.92311643004321,-0.0574639554154796,0.986789327531298,0.109823616274745,0.108397657555087
0.0757041892167066,-2.9353400542463,-2.98621360884995,-0.0575577589290746,0.986179861091799,0.112126989553316,0.110736508343564
0.076509552931778,-2.97539183778533,-3.03605329697393,-0.0593687075198282,0.985525354577557,0.114463345842545,0.113115877926983
0.0773149166468493,-3.00297525447877,-3.0705884256539,-0.0628416043667362,0.984825122207301,0.116821461574501,0.115523470586772
0.0781202803619206,-3.01738009092601,-3.09077284375212,-0.0678049568050462,0.98407934868217,0.119190036133307,0.117947249977903
0.078925644076992,-3.0174246707129,-3.09820871953334,-0.0739893098710692,0.983289157862082,0.121557887408528,0.120375515780293
0.0797310077920633,-3.00610154103358,-3.0907339457477,-0.0810686951012222,0.982456644055606,0.12391417605086,0.122796915637523
0.0805363715071347,-2.98104820335558,-3.07184222217668,-0.0886389932646564,0.981584847411704,0.126248438931574,0.125200796630313
0.081341735222206,-2.94387863291942,-3.04137417117474,-0.0962265572590658,0.980677705945906,0.128550631662331,0.127577473165668
0.0821470989372774,-2.89598777877445,-2.9995656818987,-0.103308109302093,0.97973999340049,0.130811271813344,0.129918289128718
0.0829524626523487,-2.83587492833905,-2.94951206600818,-0.109361003309742,0.978777223156998,0.133021710724873,0.132215467644173
0.0837578263674201,-2.76700534140161,-2.88945095843003,-0.113872948335868,0.977795533308611,0.135174142573839,0.134462133269544
0.0845631900824914,-2.68820714720026,-2.82171652754078,-0.116379043040494,0.976801600249302,0.137261502643441,0.136652216293273
0.0853685537975628,-2.60000571034314,-2.74683774854118,-0.116487858975649,0.975802563667801,0.139277364069089,0.138780305443908
0.0861739175126341,-2.50481291605429,-2.66362343333267,-0.113900112598174,0.974805906670403,0.141215997680878,0.140841516467204
0.0869792812277055,-2.40077741791948,-2.57502688461299,-0.108384682403796,0.973819300446154,0.143072327154204,0.142831591237718
0.0877846449427768,-2.29058764584319,-2.47943597333045,-0.0997885247982788,0.972850482450497,0.14484195889813,0.144746758027862
0.0885900086578481,-2.17462513656275,-2.3770282551802,-0.0880607057551924,0.971907188903635,0.14652123363226,0.146583345944199
0.0893953723729195,-2.05252792944841,-2.26820473071976,-0.0732744867024124,0.970997105095944,0.148107260568601,0.148337367865319
0.0902007360879908,-1.92665048671308,-2.15056252323882,-0.0556155677959713,0.970127832046682,0.14959762516504,0.150004427751756
0.0910060998030622,-1.79514787972143,-2.0251699234374,-0.0353743801442599,0.969306872219472,0.150990076908155,0.151579677331633
0.0918114635181335,-1.65886251331553,-1.89079201264047,-0.0129316152200169,0.968541590329251,0.152282346943391,0.153057814156828
0.0926168272332049,-1.51839015311165,-1.74685155654787,0.0112712473319519,0.967839088663797,0.153472177839529,0.154433216572553
0.0934221909482762,-1.37240165405391,-1.59490702850624,0.0367673498919872,0.96720604662018,0.154557284654073,0.155700264260675
0.0942275546633476,-1.22270560315222,-1.43395867899433,0.0630764270019683,0.966648587024645,0.155535401400642,0.156853480118436
0.0950329183784189,-1.06884486383403,-1.26526598101601,0.0897036217126545,0.966172168839328,0.156404376943433,0.157887523705585
0.0958382820934903,-0.911341327196065,-1.08970984728626,0.11615366553518,0.965781435221826,0.157162273428085,0.158797345805483
0.0966436458085616,-0.751422262009658,-0.908171902346325,0.141955549640716,0.965480041306517,0.157807301550925,0.159578586705632
0.097449009523633,-0.588966203720435,-0.723093039422051,0.166679849333399,0.965270491064427,0.158337881332617,0.160227880558347
0.0982543732387043,-0.425789619344691,-0.53579716510069,0.189941425833999,0.965153999692923,0.158752895241085,0.160742941117092
0.0990597369537757,-0.263212960409554,-0.348369717050235,0.211401016227333,0.965130362821761,0.159051984263218,0.161122653733453
0.099865100668847,-0.102495474537541,-0.162935885658529,0.230761549188769,0.965197915914933,0.159235623259059,0.161367156633926
0.100670464383918,0.054743824332621,0.0189739709563834,0.247766361800665,0.965353602741736,0.159305105121518,0.161477764219389
0.10147582809899,0.207345272388425,0.195676195414947,0.26220043147476,0.965593101904562,0.159262522994508,0.161456794674011
0.102281191814061,0.354118595122477,0.365397026913377,0.273902288563972,0.965910914867659,0.159110701906167,0.161307683891374
0.103086555529132,0.494313622288041,0.52593044867953,0.282776072242598,0.966300461880029,0.15885308719757,0.161035218134811
0.103891919244204,0.626385131516951,0.675935650638135,0.288794413901311,0.966754220568321,0.15849378642834,0.160645590666778
0.104697282959275,0.749577653522476,0.813526316018293,0.291983543915801,0.96726391113105,0.158037798742736,0.16014615942199
0.105502646674346,0.862333798155227,0.937880039385196,0.292403572939368,0.96782068920731,0.157491126632841,0.159545290221041
0.106308010389418,0.963582575015608,1.04836472555982,0.290138611035408,0.968415391757536,0.156860676090956,0.158852173658943
0.107113374104489,1.05334338928061,1.14404149953242,0.285303697052388,0.969038814390789,0.15615407893642,0.158076558792464
0.10791873781956,1.13008676491162,1.22587076088408,0.278045219219928,0.969681956893376,0.155379626433389,0.157228399354428
0.108724101534632,1.19420366176828,1.29330120385152,0.268537944855174,0.970336189726658,0.154546135081503,0.156317776338926
0.109529465249703,1.24557170540708,1.34675286551933,0.25698353894296,0.97099341165162,0.153662801285308,0.155354777946609
0.110334828964775,1.28336411861837,1.38792129887582,0.243615803181973,0.971646223785584,0.152739072057287,0.154349200191448
0.111140192679846,1.30904730883852,1.41695069033093,0.228688538416824,0.972288077697554,0.151784580002685,0.153310108951909
0.111945556394917,1.3221623440614,1.43607434387129,0.21247264255362,0.972913350288207,0.150808835577741,0.152245765390638
0.112750920109989,1.32416826662939,1.4460063849582,0.195263417090737,0.973517374973211,0.149820856199312,0.151163698085362
0.11355628382506,1.31675380373607,1.44714709552574,0.177400213289065,0.974096431874199,0.148828910006082,0.150070824811982
0.114361647540131,1.29965787526684,1.44123932202008,0.159242838932816,0.974647670143098,0.147840587062155,0.148973548761266
0.115167011255203,1.27494294168574,1.42733432230838,0.14114888895487,0.975168979784964,0.146862866246642,0.147878084695684
0.115972374970274,1.24262597149553,1.40616516063439,0.12344934125666,0.975658888320981,0.145902240416713,0.146790617493831
0.116777738685345,1.20286919659991,1.37827757066665,0.106447672808343,0.976116500375262,0.144964811976361,0.145717246040708
0.117583102400417,1.15713742611417,1.34300453709227,0.0903918022680561,0.976541426577894,0.144056427905374,0.144663857776549
0.118388466115488,1.10474596345967,1.3012990931998,0.0754786159385462,0.976933685603908,0.143182564263065,0.14363633219688
0.119193829830559,1.0471219435398,1.252206070804,0.0618622307864118,0.977293619119804,0.142348248935474,0.142640722469175
0.119999193545631,0.98462503867937,1.19557066246716,0.0496702484937124,0.977621829643152,0.14155809031354,0.141683276917582
0.120804557260702,0.916715847637361,1.13187596188642,0.0389678760733777,0.977919103222443,0.140816490778949,0.140770337349366
0.121609920975773,0.844751085795065,1.06007050537684,0.0297458656751971,0.978186323513885,0.140127635712759,0.139908373543092
0.122415284690845,0.768315915301277,0.980958015448985,0.0219170163956537,0.978424414612257,0.139495415943435,0.139103864795205
0.123220648405916,0.688190390555514,0.894722799535874,0.0153326028520188,0.978634302566927,0.138923284261943,0.138363055536661
0.124026012120987,0.605410240683639,0.801471724475716,0.00976883766668971,0.978816843936484,0.13841420173447,0.137691799335543
0.124831375836059,0.520046322521579,0.701988189918995,0.0049446805801879,0.9789727305831,0.137970476838659,0.137095661573515
0.12563673955113,0.433414429947703,0.596350324725214,0.000539740561622823,0.979102420205891,0.137593769000395,0.136579862506609
0.126442103266201,0.345693455783639,0.485849340125273,-0.00379450536217261,0.979206101433068,0.137285204905971,0.13614891968473
0.127247466981273,0.257228312054759,0.372077626851957,-0.00845040852135708,0.979283663872364,0.137045516043593,0.13580623118197
0.128052830696344,0.169160483311856,0.25656810969813,-0.0138451785207223,0.979334690408969,0.136874859241372,0.135553820366603
0.128858194411415,0.0822991151017617,0.141742779214183,-0.0203826120617656,0.979358506655587,0.136772551050173,0.135392058178184
0.129663558126487,-0.0018264621132547,0.0299070154447782,-0.0284247096542914,0.979354271015344,0.136736830461652,0.135319368679215
0.130468921841558,-0.0818022529428621,-0.0765854575004641,-0.0382819743110741,0.979321058467125,0.136764744065727,0.135332190008533
0.13127428555663,-0.155935793848721,-0.175780281174408,-0.0501926850189757,0.979257948767495,0.136852015757569,0.13542517385863
0.132079649271701,-0.222877013462792,-0.265441900848207,-0.0643010461016481,0.97916415428862,0.136993066252082,0.135591286815485
0.132885012986772,-0.281113957851258,-0.343587208074007,-0.0806662699028532,0.979039176741038,0.137181139626848,0.135821745790417
0.133690376701844,-0.32930600248429,-0.408452364276706,-0.0992681547684699,0.978882947480578,0.137408393194407,0.136106179396493
0.134495740416915,-0.366189938887134,-0.458700296746182,-0.119994047105147,0.97869595396396,0.137665853572556,0.136433043538091
0.135301104131986,-0.390179352780249,-0.493806448766362,-0.142609466287589,0.978479364418644,0.137943486247662,0.136790044593235
0.136106467847058,-0.400852908146534,-0.513060807490719,-0.16676929170088,0.978235119405687,0.138230517066786,0.137164431056374
0.136911831562129,-0.397784187792137,-0.516661959803915,-0.192030974676034,0.977965948140912,0.13851584185863,0.137543414161296
0.1377171952772,-0.38078236416936,-0.505191724591945,-0.217875944782035,0.977675344228002,0.138788370794966,0.137914549764642
0.138522558992272,-0.350632836122213,-0.478688140123118,-0.243725854751466,0.977367549684631,0.139037298580623,0.138265887231153
0.139327922707343,-0.307331977941335,-0.437923730811845,-0.268988692217662,0.977047531810479,0.139252333218136,0.138585921366215
0.140133286422414,-0.25156548375011,-0.383550533555818,-0.293077256140642,0.976720902801482,0.139423710815212,0.13886382223252
0.140938650137486,-0.183687084336786,-0.316835552693111,-0.315421107393849,0.976393794202847,0.139542142389442,0.139089781434784
0.141744013852557,-0.104124034465614,-0.239231014893001,-0.335468314538071,0.976072715318839,0.139598861349817,0.139255228720388
0.142549377567628,-0.0140807697931749,-0.151975372995758,-0.352721870614689,0.975764384632452,0.139585902706606,0.139352798821959
0.1433547412827,0.0854274796509962,-0.0566051173222254,-0.366759549036578,0.975475532432191,0.139496269665939,0.139376396652234
0.144160104997771,0.193227195997818,0.0455640945555089,-0.377251561891967,0.975212734971067,0.139323986084736,0.139321159845108
0.144965468712842,0.30818715471198,0.153439047923849,-0.383959820412718,0.97498232173922,0.139064028344195,0.139183239531609
0.145770832427914,0.429133756777301,0.266483310364822,-0.386749224982539,0.974790304679881,0.138712319572884,0.138959472535094
0.146576196142985,0.555218807140922,0.383606457075589,-0.385580895209276,0.974642284920319,0.138265579384947,0.138647339202209
0.147381559858056,0.685496797657543,0.504230589754586,-0.380514024304853,0.974543365086418,0.137721248416018,0.138244886292095
0.148186923573128,0.818677427976898,0.628533436596203,-0.371703184290898,0.974498114754873,0.137077461219513,0.137750431033242
0.148992287288199,0.954278700528351,0.756139292978483,-0.359410269557309,0.974510561147683,0.13633311783189,0.137162097355266
0.14979765100327,1.09107653156145,0.888183905308555,-0.343993220306674,0.974584191467495,0.135487651648445,0.136477628761451
0.150603014718342,1.22921100036802,1.0247524236736,-0.325887143481222,0.974721972901356,0.134540706312251,0.135694282945341
0.151408378433413,1.36898109603417,1.16611090677687,-0.305563113106947,0.974926384321468,0.133491798007742,0.134808755589239
0.152213742148485,1.50964181687267,1.31357697960967,-0.28350538181483,0.975199378039192,0.132340229272312,0.133817197376278
0.153019105863556,1.65242938250982,1.46560193807851,-0.260189178951268,0.975542269001467,0.131085001978966,0.132715561197659
0.153824469578627,1.79640185759932,1.62273022253932,-0.236077586253839,0.975955609842313,0.129724929727707,0.131499870718636
0.154629833293699,1.94109376788695,1.78461385879494,-0.211603534009874,0.976439118131984,0.128258809426278,0.130166269195279
0.15543519700877,2.08702411155402,1.94952320566589,-0.187167916577067,0.976991612604026,0.126685659049942,0.128711020922281
0.156240560723841,2.23199778840748,2.11828899851381,-0.163127709611469,0.977610952169659,0.125004691024877,0.127130803659376
0.157045924438913,2.37697996317667,2.28804008978494,-0.139793880154782,0.978293986098951,0.123215321469797,0.125423006685162
0.157851288153984,2.52076917968547,2.45781056319117,-0.117412023166386,0.979036534972111,0.121317276220911,0.123585898639923
0.158656651869055,2.6611581754021,2.62705588057131,-0.0961789180879048,0.979833358754223,0.11931088950271,0.121618780504683
0.159462015584127,2.79918785848483,2.79152251269001,-0.0762584874430123,0.980678151795604,0.117197268293017,0.119522273617119
0.160267379299198,2.93120703909655,2.95170963976745,-0.0577969296574818,0.981563614761204,0.114978442181055,0.117298438266638
0.161072743014269,3.05710054676746,3.10474217219537,-0.0408949272922541,0.982481617942477,0.11265743049694,0.114950682524508
0.161878106729341,3.17643821605875,3.24807849320919,-0.0256025633313874,0.983423373794647,0.110238263774588,0.112483776280549
0.162683470444412,3.28580688581444,3.38200088174875,-0.0119165737130312,0.98437960876226,0.107725851788455,0.109904118653074
0.163488834159483,3.38714723304541,3.50153335408341,0.000209354091761191,0.985340758981347,0.10512599340229,0.107219902270302
0.164294197874555,3.47712368423725,3.60693304990102,0.0108688407761825,0.986297210578226,0.102445569600997,0.104440975542409
0.165099561589626,3.5541691009756,3.69687478889059,0.0201679916752114,0.987239550164598,0.0996927762335837,0.101578633815304
0.165904925304697,3.61938406594224,3.76804524837676,0.0282020077604119,0.988158838234085,0.0968771153389783,0.0986454163976443
0.166710289019769,3.66831358677213,3.82339615561641,0.0350617970188836,0.989046905632073,0.0940092254283849,0.0956547187344323
0.16751565273484,3.70322177176297,3.86039624483602,0.0408710501764896,0.98989662876964,0.0911006379960701,0.092620234487348
0.168321016449911,3.72308963064199,3.88026265352851,0.0457856481995802,0.990702113424868,0.0881634535895408,0.0895556200904534
0.169126380164983,3.72642612259411,3.88522240543199,0.049975579595434,0.991458795043388,0.0852099726587467,0.0864743508855634
0.169931743880054,3.71695546126798,3.87308339732696,0.0536242801896877,0.992163489584273,0.0822524274404793,0.0833894675630864
0.170737107595126,3.69188464240135,3.8485122485355,0.0569317289014404,0.992814395647401,0.079302857373337,0.0803131217365039
0.171542471310197,3.65365569074494,3.81151505094532,0.0600994591319968,0.993411026177419,0.0763728690865634,0.0772563400704263
0.172347835025268,3.60452162582099,3.76267106457235,0.0633185368537111,0.99395408666365,0.0734732707386974,0.0742289962786176
0.17315319874034,3.54304855751752,3.70627902765003,0.0667959754874518,0.994445326362455,0.07061372883255,0.0712398174953644
0.173958562455411,3.47420598715936,3.64035894919744,0.0707565160438759,0.994887364187067,0.067802690571933,0.0682963588276182
0.174763926170482,3.39711155090909,3.56793821880348,0.0754097976433193,0.995283493100435,0.0650473996454414,0.065405252109144
0.175569289885554,3.31292824226787,3.48968188379106,0.0809038001741455,0.995637497139784,0.0623540388923398,0.0625724729428733
0.176374653600625,3.2246983170456,3.40431528596446,0.0873304157835754,0.995953503406076,0.0597279019862256,0.0598033802135248
0.177180017315696,3.13000897995547,3.31572871778796,0.0947202880117944,0.996235851057815,0.0571736181160288,0.0571025476368047
0.177985381030768,3.0322636829822,3.22212708432839,0.103041242838314,0.996488956411748,0.0546951041876079,0.0544738724742182
0.178790744745839,2.93184040888006,3.12449283361527,0.112193487633109,0.996717187396418,0.0522954524581895,0.0519208078557299
0.17959610846091,2.82825077450451,3.02441236830814,0.1220423208362,0.99692476037701,0.049976863277857,0.0494465289012264
0.180401472175982,2.72488785644037,2.91949010664906,0.132401161710747,0.997115652083097,0.0477408511138912,0.0470539752959249
0.181206835891053,2.61970836434205,2.81196642088241,0.143009416439479,0.997293515210594,0.0455883820689186,0.0447460727909715
0.182012199606124,2.51434698584412,2.70059313023897,0.153514711441195,0.997461608407461,0.0435200263775856,0.0425258479704461
0.182817563321196,2.40977411542723,2.58494488605367,0.163514104834989,0.997622740447113,0.0415360056207415,0.0403963121870813
0.183622927036267,2.30431251987337,2.4672345219489,0.172567240601025,0.997779221944929,0.039636282112812,0.038360236872991
0.184428290751338,2.20078254847893,2.34545813180572,0.180217809997637,0.997932821780214,0.0378204368839194,0.0364202139234199
0.18523365446641,2.09821491748531,2.22127094543439,0.186006642204429,0.998084747180228,0.0360876507379542,0.0345786794779361
0.186039018181481,1.99685293094379,2.09545339569064,0.18950996104471,0.998235644268854,0.034436764124739,0.0328376938940114
0.186844381896552,1.89819601628475,1.96789882976413,0.190334588081327,0.998385608350544,0.0328664865098904,0.0311985357410508
0.187649745611624,1.8007441930388,1.84182976487439,0.188126907076732,0.998534193977584,0.0313753182325221,0.0296614611377837
0.188455109326695,1.70664530561819,1.71772005763868,0.182592221368808,0.99868044029138,0.0299613508243004,0.0282254194835935
0.189260473041766,1.61658473034026,1.59816015888864,0.173539032547449,0.998822917233542,0.0286219412609146,0.0268877066463505
0.190065836756838,1.53115795000214,1.48611617935732,0.160883937827877,0.998959798957882,0.027353493924161,0.0256437692328733
0.190871200471909,1.45328755961142,1.38203139469866,0.144653174355908,0.999088962403613,0.026151196535673,0.0244874015988511
0.191676564186981,1.38316766470896,1.28892925105187,0.124978925009222,0.999208114206461,0.0250089938596501,0.0234109427131186
0.192481927902052,1.32256296360724,1.20797951609981,0.102105245335731,0.999314934083492,0.023919714421614,0.0224052859502335
0.193287291617123,1.27276791881888,1.14042420418101,0.0763745703730242,0.999407225327507,0.0228752956922033,0.0214599038037307
0.194092655332195,1.23396434219197,1.08838007680628,0.0482269371868352,0.999483064733474,0.0218667925389917,0.0205631403491874
0.194898019047266,1.20813483128747,1.05156928201653,0.0182001342074277,0.999540950622451,0.0208844003707538,0.0197025133830454
0.195703382762337,1.19540665720391,1.03127542745513,-0.0130746328315657,0.99957993527775,0.0199175790598132,0.0188649181160385
0.196508746477409,1.19608292904181,1.02766813383247,-0.0449073174879785,0.999599720597265,0.0189553420209708,0.0180369347873845
0.19731411019248,1.21095213260499,1.03952523349645,-0.0765866189498799,0.999600703014334,0.0179865112780453,0.0172052885687547
0.198119473907551,1.23872726438663,1.06748786809611,-0.107417555568828,0.999583969492121,0.0170000171641781,0.016357118797008
0.198924837622623,1.27967689281327,1.11014886554926,-0.136743553323174,0.999551252233617,0.0159851612886659,0.0154799886688813
0.199730201337694,1.33307190444757,1.16688116929212,-0.163968990869631,0.999504844382422,0.0149317369741799,0.0145620206974635
0.200535565052765,1.3979564332528,1.23696977777556,-0.188570380128367,0.999447483735572,0.0138299604434909,0.0135922725778876
0.201340928767837,1.47477834678722,1.31764052979771,-0.210110341431504,0.999382212271998,0.0126704791304405,0.0125610582656192
0.202146292482908,1.56153581391183,1.40838256673729,-0.228243481519995,0.999312218355853,0.0114446071842831,0.0114600489388977
0.202951656197979,1.65733527761694,1.50678677989153,-0.24273125708067,0.999240668149596,0.0101446289566038,0.0102824036593284
0.203757019913051,1.76114988273895,1.61044083230988,-0.253449723350085,0.999170548891441,0.00876401429153898,0.0090228612266912
0.204562383628122,1.87003163716655,1.71927906140448,-0.260389246410361,0.999104545250069,0.0072975168300587,0.00767757139086923
0.205367747343193,1.98393504854545,1.83057618384715,-0.263632926121881,0.999044950960509,0.00574121821801406,0.00624368558209809
0.206173111058265,2.10050630271661,1.94441336686482,-0.263346171396987,0.998993601744308,0.00409237709875589,0.00471916346337978
0.206978474773336,2.21849695836738,2.06004725285792,-0.259779361497512,0.998951820008364,0.00234922801203756,0.00310271631547277
0.207783838488407,2.33813036995363,2.17552900204136,-0.253271800228053,0.998920370208491,0.000510845533026488,0.00139362240694168
0.208589202203479,2.45636219012275,2.29287358122358,-0.244234959253456,0.998899424023183,-0.00142281108015077,-0.00040866738197176
0.20939456591855,2.57385836377727,2.41043353583438,-0.233131867281427,0.998888540961665,-0.00345101056695901,-0.00230472598496758
0.210199929633621,2.68983619595177,2.52867345256832,-0.220455833813933,0.998886666347617,-0.00557248058483859,-0.00429523488566327
0.211005293348693,2.8027985892371,2.64925693043457,-0.206691932741434,0.998892143383166,-0.00778572393680006,-0.0063810786862204
0.211810657063764,2.91504594547424,2.7699266229509,-0.192275769777025,0.998902723051619,-0.0100891533442605,-0.00856342695196101
0.212616020778836,3.02432809807972,2.89279130714852,-0.177578467575596,0.998915572066409,-0.0124812211808698,-0.0108434480352966
0.213421384493907,3.13151690028194,3.01620623737016,-0.16292704672189,0.998927284417869,-0.0149603407699446,-0.013221962998898
0.214226748208978,3.23700573135335,3.13869478880261,-0.148603322674567,0.998933913389949,-0.0175246967870476,-0.0156993076332653
0.21503211192405,3.33755479006585,3.26229545425998,-0.134832118213089,0.998931026238779,-0.0201719151417445,-0.0182754006840441
0.215837475639121,3.43536457217034,3.38319447484425,-0.121770843025775,0.998913785326152,-0.0228990174499351,-0.0209495799284753
0.216642839354192,3.52807228630978,3.50219946480579,-0.109526447867852,0.998877041547762,-0.0257024617572166,-0.0237203818619561
0.217448203069264,3.61478242212934,3.61846473811486,-0.0981420651510299,0.998815434447104,-0.0285782234732654,-0.0265853971555835
0.218253566784335,3.69719498971089,3.72818132212911,-0.0876026651790335,0.99872349849742,-0.0315216583721899,-0.0295411723408315
0.219058930499406,3.77107823215823,3.83291548163529,-0.0778522569761729,0.998595794393575,-0.0345274420858802,-0.0325828788667174
0.219864294214478,3.83813149266041,3.92811948761173,-0.0688351236336682,0.998427068880857,-0.0375894212393545,-0.0357040981168672
0.220669657929549,3.89670816342155,4.01265163604803,-0.0604697968080194,0.998212438613585,-0.0407005353781402,-0.0388968747556802
0.22147502164462,3.9437412676771,4.08682135325256,-0.052633279867106,0.997947588698538,-0.0438527360691182,-0.0421518789353617
0.222280385359692,3.98205060609465,4.14526739917012,-0.0451537215433106,0.997628981432597,-0.0470371799230479,-0.0454583096807138
0.223085749074763,4.00743788210161,4.18953309034207,-0.0378478597160425,0.997254060638557,-0.050244357079579,-0.0488038458544462
0.223891112789834,4.02052147662582,4.21672959989901,-0.0305128913366108,0.996821436422403,-0.0534641185189238,-0.0521748440266389
0.224696476504906,4.02146132058308,4.22462434732153,-0.0229537229838537,0.996331048575614,-0.0566855287336924,-0.0555566934638834
0.225501840219977,4.0059422848034,4.21571096864515,-0.0150015769745569,0.995784293335857,-0.0598969245969819,-0.0589340992344678
0.226307203935048,3.97707905954418,4.18634427925932,-0.00653523073177547,0.995184076187216,-0.0630860754957282,-0.0622915474755214
0.22711256765012,3.93224391163885,4.1394983600774,0.00257123885120101,0.994534758442754,-0.066240506660707,-0.0656139610266724
0.227917931365191,3.87137806589808,4.0765551092615,0.01245922313701,0.993842021151107,-0.0693478730177355,-0.0688872164026041
0.228723295080262,3.79803996578281,3.99605719331842,0.023276960240206,0.993112675154606,-0.0723964638799197,-0.0720982886629515
0.229528658795334,3.70949220434747,3.90300355739699,0.0351461328033211,0.992354431517207,-0.0753755186997306,-0.0752353705646045
0.230334022510405,3.60971884561078,3.79642040996651,0.0481768598806035,0.991575636891676,-0.0782753342915073,-0.0782881395559613
0.231139386225477,3.49922287166145,3.67879977727494,0.062453497925795,0.990785010428475,-0.0810872674504354,-0.0812479360752323
0.231944749940548,3.37771234003744,3.55359153517848,0.0780285713963082,0.989991388384321,-0.0838038843089083,-0.0841077062713539
0.232750113655619,3.24999557263241,3.4196035743606,0.0949209633703075,0.989203469127404,-0.086419110986705,-0.0868619482756725
0.233555477370691,3.11483841501653,3.28142693699019,0.113143239479008,0.988429572431251,-0.0889282815617712,-0.0895067238863603
0.234360841085762,2.97511258282512,3.13928000133271,0.132680378522087,0.987677470512585,-0.0913280830345802,-0.0920394545895221
0.235166204800833,2.83320077793963,2.99333997733924,0.153457730394487,0.986954292272587,-0.0936164457708134,-0.0944585373090808
0.235971568515905,2.68774737291192,2.84697441223285,0.175323052297955,0.986266453452609,-0.095792312595116,-0.0967631326729362
0.236776932230976,2.54232309570662,2.69876610092575,0.19806548117922,0.985619582132733,-0.0978553321651831,-0.0989532183609686
0.237582295946047,2.39618342389797,2.55113490330056,0.221418352435744,0.985018460366962,-0.0998057370075861,-0.101029502540319
0.238387659661119,2.25032034023799,2.40471690988802,0.245060440605559,0.984466986554502,-0.101644415536818,-0.102993146314776
0.23919302337619,2.10739714749547,2.25837752461348,0.26862456986241,0.983968147732992,-0.103373005471769,-0.104845509097567
0.239998387091261,1.96616347783633,2.11426307479702,0.29170835854962,0.983524026658308,-0.104993768419476,-0.106588021310676
0.240803750806333,1.82879436703457,1.97063151744274,0.31386495765065,0.983135870564874,-0.10650941954012,-0.108221898210358
0.241609114521404,1.69531848626685,1.82733132808948,0.334599514411504,0.982804188436782,-0.107922896711083,-0.10974787566889
0.242414478236475,1.56484030408643,1.68501846402011,0.353395340754791,0.982528805461087,-0.109237162477292,-0.11116621584172
0.243219841951547,1.4388783951833,1.54229828268649,0.369753267452397,0.982308879893814,-0.110454987512965,-0.112476982301105
0.244025205666618,1.31609732672419,1.40050242031867,0.383218505565395,0.982142921806791,-0.111579000271983,-0.113680125868666
0.244830569381689,1.19729548627701,1.25919394108984,0.393393850103001,0.982028827944072,-0.112611793332495,-0.114775498290759
0.245635933096761,1.08292662876041,1.11852892370565,0.399955236084555,0.981963898025268,-0.11355600666281,-0.115763018727533
0.246441296811832,0.972077836267774,0.980284376235148,0.402660956808559,0.981944851868399,-0.114414201388246,-0.116643054433659
0.247246660526903,0.865805663350577,0.844595322846092,0.401358105932587,0.981967855567934,-0.115188902753327,-0.117416645760027
0.248052024241975,0.763956185579168,0.713379809836219,0.395988733481742,0.982028540314491,-0.115882726203837,-0.118085735740577
0.248857387957046,0.667168838681382,0.58852021245629,0.386602786939147,0.982121984766098,-0.11649866703879,-0.118653498294123
0.249662751672117,0.576866387909294,0.47150253510182,0.373362712734508,0.982242728688881,-0.117040324601364,-0.119124657945155
0.250468115387189,0.493863427627018,0.364521164517897,0.356537232960481,0.982384868035827,-0.117512255335405,-0.119505398218746
0.25127347910226,0.419813839711511,0.268558039062139,0.336482509018359,0.982542220310933,-0.11792011404032,-0.11980315496233
0.252078842817332,0.355663594187041,0.185103599404519,0.313630279576943,0.98270849615143,-0.118270614478554,-0.120026549533329
0.252884206532403,0.302055758990931,0.115675737041402,0.288482179299102,0.982877483741334,-0.118571246873002,-0.120185454411361
0.253689570247474,0.259806521583474,0.0609913262018954,0.26161160589098,0.983043240288506,-0.118830202587526,-0.120290827731584
0.254494933962546,0.229492767297812,0.0221257842769023,0.233644735064198,0.983200261495532,-0.119056337645246,-0.120354525314764
0.255300297677617,0.211741335186457,-0.0003041520725213,0.205234214273152,0.983343599590291,-0.119259188029024,-0.120389183881262
0.256105661392688,0.206955638205989,-0.00605050873361485,0.177024435896792,0.983468971228253,-0.119448821013815,-0.120408052646595
0.25691102510776,0.215398666406725,0.0047278095738087,0.149623003894658,0.983572860732526,-0.119635740524287,-0.12042451647684
0.257716388822831,0.236935979250852,0.0312135091532127,0.123558822740009,0.98365257386348,-0.119830623218542,-0.12045167881407
0.258521752537902,0.271094605590016,0.0727882509943756,0.0992648167666377,0.983706206374866,-0.120044015102196,-0.120502183666025
0.259327116252974,0.317141464089036,0.128531722587749,0.0770749387220394,0.983732569444212,-0.12028602585081,-0.120588089821878
0.260132479968045,0.374569689352968,0.19669006091291,0.0572358195829045,0.983731102133451,-0.120566294883077,-0.120720487833498
0.260937843683116,0.442470576809152,0.27579627366646,0.0398871201959901,0.983701760892563,-0.120893944160628,-0.120909133483608
0.261743207398188,0.519962692977875,0.36366270841804,0.025061461391495,0.98364488420813,-0.121277412638275,-0.12116226575818
0.262548571113259,0.605604309429971,0.458158187266131,0.0126889685087619,0.983561072238446,-0.121724117736606,-0.12148647643411
0.26335393482833,0.6974293196064,0.557346906998586,0.00261964161179968,0.983451089616618,-0.122240184288816,-0.12188651699926
0.264159298543402,0.79388841545581,0.658714010554631,-0.00538231678324113,0.983315757015588,-0.122830193572185,-0.122365363820579
0.264964662258473,0.892542074356305,0.761399575246891,-0.0116093724257578,0.983155824050733,-0.123497047378189,-0.122924597420423
0.265770025973544,0.9917111126139,0.864088785201152,-0.0163892473930949,0.982971866529664,-0.124242032961392,-0.123564736458821
0.266575389688616,1.09044477108219,0.965208869845335,-0.0200648292243252,0.982764225194317,-0.125065115398319,-0.124285318492868
0.267380753403687,1.18671734583326,1.06485314634349,-0.0230167348797,0.982532957221032,-0.12596519042791,-0.12508501287587
0.268186117118758,1.2802904545627,1.16154923222243,-0.0256440176751106,0.982277793751477,-0.12694015416048,-0.125961910614391
0.26899148083383,1.3696363982286,1.25546596110913,-0.0283410286000725,0.981998135544248,-0.127986952893519,-0.126913725990029
0.269796844548901,1.45371897062261,1.34659820497843,-0.031463122523191,0.981693086905806,-0.129101728970259,-0.127937845006898
0.270602208263973,1.53297596325085,1.43383807761809,-0.0353234608460037,0.981361487599374,-0.13028004455624,-0.129031447962796
0.271407571979044,1.60587939120237,1.51866776493026,-0.040159481306753,0.981001939834822,-0.131517054995437,-0.130191734072332
0.272212935694115,1.67319853559746,1.60006321629794,-0.0461202587471925,0.980612869719715,-0.132807733402376,-0.131415887819544
0.273018299409187,1.73502149919229,1.67753024483694,-0.053278191837119,0.980192629422738,-0.134146991671357,-0.132700830793068
0.273823663124258,1.7899994057798,1.75180635088274,-0.0616611174152145,0.979739596844953,-0.135529638432935,-0.134043098403177
0.274629026839329,1.83923290467119,1.82099553430394,-0.0712455275625685,0.979252264518307,-0.136950123258509,-0.135438965937282
0.275434390554401,1.88087123090664,1.88605800880995,-0.0819415376232337,0.978729339860721,-0.138402467553982,-0.136884443605438
0.276239754269472,1.91496078834988,1.94605891303754,-0.0935993229201912,0.978169849468351,-0.139880341601075,-0.138375147823042
0.277045117984543,1.94222443843059,1.9995350638121,-0.10602517629118,0.977573207938214,-0.141377268784949,-0.139906220356279
0.277850481699615,1.96084820782766,2.04742570898563,-0.118983166193728,0.976939275513044,-0.142886682821655,-0.141472325751027
0.278655845414686,1.97242365706138,2.08688171788528,-0.132201133988227,0.976268454545341,-0.144402022289805,-0.143067390078134
0.279461209129757,1.975924762802,2.11712716881273,-0.145405063251199,0.975561827805299,-0.145916655210783,-0.144684294137527
0.280266572844829,1.97018120288341,2.137316711152,-0.158330025736096,0.974821275761074,-0.147423746676342,-0.146314807722742
0.2810719365599,1.95618386234582,2.14462671141644,-0.170706706876526,0.974049567538551,-0.148916035443807,-0.147949787014133
0.281877300274971,1.9313955125074,2.1395079922919,-0.182244243604861,0.973250441672772,-0.150385907702221,-0.149579202004768
0.282682663990043,1.89657851958438,2.11954545950295,-0.192655746370617,0.972428672312072,-0.15182551267242,-0.151192135967581
0.283488027705114,1.8513813823483,2.08366913927811,-0.20167020644595,0.97159007458777,-0.153226878590067,-0.152776946270085
0.284293391420185,1.79381012204609,2.03248694114963,-0.209040156428933,0.970741478188506,-0.1545818085137,-0.154321611145016
0.285098755135257,1.72518382774772,1.96388283187863,-0.214541939497593,0.969890687531296,-0.15588189676257,-0.155813918635324
0.285904118850328,1.64354663636634,1.87915477096136,-0.217996166776726,0.969046397218119,-0.157118523226732,-0.157241733355168
0.286709482565399,1.54892947464671,1.77877730633373,-0.219250555666635,0.968217987017266,-0.158282993059808,-0.158593451756814
0.287514846280471,1.44239661070913,1.66317596928854,-0.218165701988864,0.967415240420845,-0.159366729099444,-0.159858501076471
0.288320209995542,1.32323558630138,1.53490474737484,-0.21461043983133,0.96664805612089,-0.16036172291718,-0.161027450466239
0.289125573710613,1.19392122661244,1.39413603355031,-0.20849479738976,0.965926185815112,-0.161260849359309,-0.162092002528113
0.289930937425685,1.0551038269994,1.24296404809616,-0.199776996604138,0.965258972296711,-0.162057992374171,-0.163045072752698
0.290736301140756,0.90755133372466,1.08342993147409,-0.188468744866735,0.964655129475231,-0.162747923413688,-0.163880934224565
0.291541664855828,0.753443971228323,0.916399213782177,-0.174627999928794,0.964122576232552,-0.163326292855222,-0.164595129241898
0.292347028570899,0.59315270476705,0.744404465041775,-0.15836524514936,0.963668282198029,-0.163789616473554,-0.165184417521025
0.29315239228597,0.428635936319166,0.568971830591051,-0.139830909663781,0.963298083505433,-0.164135315069905,-0.16564684356568
0.293957756001042,0.261415159198319,0.391951799838876,-0.119218321051348,0.963016541142361,-0.164361735572005,-0.165981752506817
0.294763119716113,0.0928818181051131,0.214916252919911,-0.0967684779436519,0.962826903176131,-0.164468243783759,-0.16618948861931
0.295568483431184,-0.0752966562554664,0.0389550764461755,-0.0727850042782443,0.962731133926747,-0.164455140838391,-0.166271133367035
0.296373847146256,-0.242119552821745,-0.134604069007857,-0.0476252865140224,0.962729946385286,-0.164323436451525,-0.166228453538619
0.297179210861327,-0.406543602941036,-0.30472610310174,-0.02169242375481,0.96282284646918,-0.164074646955991,-0.16606388019818
0.297984574576398,-0.567614270315597,-0.470488255729673,0.0045819940677764,0.963008209816453,-0.163710823731087,-0.165780249599842
0.29878993829147,-0.723845131434861,-0.631855216416093,0.0307359379279134,0.963283353114438,-0.1632346487492,-0.165380563348507
0.299595302006541,-0.874518439920473,-0.788067421598958,0.0562815580319537,0.963644604830612,-0.16264943977395,-0.164867873360966
