t,p1,p2,p3,amplitude,angle
0,-0,-0,-0,-0,0
0.004004004004004,-0.007381138928985,-0.000529949633655595,-0.00395554470145653,-0.00791108133665341,0
0.00800800800800801,-0.0295198842927109,-0.00211946313665024,-0.0158196753949596,-0.0316393185299857,0
0.012012012012012,-0.0664022247779525,-0.00476753452733499,-0.0355848834322746,-0.0711696942988393,0
0.016016016016016,-0.118004818049076,-0.00847248787705756,-0.06323865967993,-0.12647719040178,0
0.02002002002002,-0.184295005521073,-0.0132319783708338,-0.0987635024360704,-0.197526803470788,0
0.024024024024024,-0.265230833028756,-0.0190429937913506,-0.142136928507058,-0.284273567164434,0
0.028028028028028,-0.360761077378964,-0.0259018564253566,-0.193331487436769,-0.386662580626451,0
0.032032032032032,-0.470825278769044,-0.0338042253912377,-0.252314778879631,-0.504629043231763,0
0.036036036036036,-0.595353779051042,-0.042745099386303,-0.319049473106355,-0.638098295597919,0
0.04004004004004,-0.7342677658174,-0.0527188198520405,-0.393493334629421,-0.786985866836004,0
0.044044044044044,-0.887479322280268,-0.0637190745553435,-0.475599248933346,-0.95119752801113,0
0.048048048048048,-1.05489148291286,-0.0757389015834378,-0.565315252292829,-1.13062935177866,0
0.0520520520520521,-1.2363982948176,-0.0887706937499812,-0.662584564659886,-1.32516777815842,0
0.0560560560560561,-1.43188488478234,-0.102806203409551,-0.767345625599183,-1.53468968640527,0
0.0600600600600601,-1.64122753198199,-0.117836547677465,-0.879532133248801,-1.75906247293057,0
0.0640640640640641,-1.86429374627981,-0.133852214051641,-0.999073086281784,-1.99814413522522,0
0.0680680680680681,-2.10094235207863,-0.150843066432933,-1.12589282884194,-2.25178336173108,0
0.0720720720720721,-2.35102357766895,-0.168798351540127,-1.25991109842538,-2.51981962760408,0
0.0760760760760761,-2.61437915001745,-0.18770670571555,-1.4010430766776,-2.80208329630817,0
0.0800800800800801,-2.89084239493587,-0.207556162116975,-1.54919944307388,-3.09839572697604,0
0.0840840840840841,-3.18023834256685,-0.228334158291278,-1.70428643144901,-3.40856938746849,0
0.0880880880880881,-3.48238383811996,-0.250027544125038,-1.86620588934064,-3.73240797306096,0
0.0920920920920921,-3.79708765778793,-0.272622590167071,-2.03485534010866,-4.06970653068223,0
0.0960960960960961,-4.12415062976962,-0.296104996317614,-2.21012804779128,-4.42025158862637,0
0.1001001001001,-4.46336576032315,-0.320459900878664,-2.39191308465678,-4.78382129165613,0
0.104104104104104,-4.81451836476943,-0.345671889959745,-2.58009540140815,-5.16018554141213,0
0.108108108108108,-5.17738620336325,-0.371725007233157,-2.7745558999963,-5.54910614203901,0
0.112112112112112,-5.55173962194576,-0.398602764032513,-2.97517150899551,-5.95033695093637,0
0.116116116116116,-5.93734169728951,-0.426288149788199,-3.1818152614938,-6.3636240345391,0
0.12012012012012,-6.33394838704396,-0.454763642793129,-3.39435637544844,-6.78870582902848,0
0.124124124124124,-6.74130868418662,-0.484011221292004,-3.61266033645626,-7.22531330587244,0
0.128128128128128,-7.15916477588197,-0.51401237488703,-3.83658898288591,-7.67317014209007,0
0.132132132132132,-7.58725220664773,-0.544748116252905,-4.06600059331857,-8.13199289513268,0
0.136136136136136,-8.02530004572518,-0.576198993153639,-4.30074997624145,-8.60149118227081,0
0.14014014014014,-8.47303105854758,-0.608345100753609,-4.5406885619376,-9.08136786437348,0
0.144144144144144,-8.93016188219818,-0.641166094215065,-4.78566449651362,-9.57131923396362,0
0.148148148148148,-9.39640320474678,-0.674641201574101,-5.03552273800601,-10.0710352074303,0
0.152152152152152,-9.87145994835139,-0.708749236886952,-5.29010515450509,-10.5801995212768,0
0.156156156156156,-10.3550314560089,-0.74346861363829,-5.54925062423453,-11.0984899322788,0
0.16016016016016,-10.8468116818371,-0.778777358403039,-5.81279513752323,-11.6255784214287,0
0.164164164164164,-11.3464893847665,-0.814653124753063,-6.08057190060474,-12.1611314015337,0
0.168168168168168,-11.8537483255212,-0.851073207399911,-6.35241144117884,-12.704809928339,0
0.172172172172172,-12.3682674667622,-0.888014556564695,-6.62814171566824,-13.2562699150407,0
0.176176176176176,-12.8897211762672,-0.925453792565981,-6.90758821810269,-13.8151623500543,0
0.18018018018018,-13.4177794330197,-0.963367220616475,-7.19057409056136,-14.3811335178988,0
0.184184184184184,-13.9521080360739,-1.00173084581913,-7.47692023510393,-14.9538252230587,0
0.188188188188188,-14.4923688160669,-1.0405203883532,-7.76644542711921,-15.5328750166812,0
0.192192192192192,-15.0382198492406,-1.07971129884061,-8.05896643001976,-16.1179164259652,0
0.196196196196196,-15.5893156738414,-1.1192787738829,-8.35429811120984,-16.7085791860965,0
0.2002002002002,-16.145307508758,-1.15919777175902,-8.65225355925335,-17.3044894745843,0
0.204204204204204,-16.7058434742599,-1.19944302827385,-8.95264420216758,-17.9052701478476,0
0.208208208208208,-17.270568814698,-1.23998907274755,-9.2552799267678,-18.5105409799046,0
0.212212212212212,-17.8391261230243,-1.28081024413568,-9.55996919898739,-19.1199189030127,0
0.216216216216216,-18.4111555669897,-1.32188070726967,-9.86651918509718,-19.7330182501068,0
0.22022022022022,-18.9862951168778,-1.36317446920756,-10.1747358737472,-20.3494509988827,0
0.224224224224224,-19.5641807746277,-1.40466539568461,-10.4844241987541,-20.9688270173712,0
0.228228228228228,-20.1444468042042,-1.44632722765329,-10.7953881625556,-21.5907543108475,0
0.232232232232232,-20.7267259630666,-1.48813359790228,-11.1074309602548,-22.2148392699193,0
0.236236236236236,-21.3106497345921,-1.53005804774397,-11.4203551041754,-22.8406869196368,0
0.24024024024024,-21.8958485613046,-1.57207404375972,-11.7339625488492,-23.4679011694671,0
0.244244244244244,-22.4819520787627,-1.61415499459259,-12.0480548163559,-24.0960850639745,0
0.248248248248248,-23.0685893499587,-1.6562742677766,-12.3624331219374,-24.7248410340484,0
0.252252252252252,-23.6553891000791,-1.69840520659206,-12.6768984998061,-25.353771148519,0
0.256256256256256,-24.2419799514798,-1.74052114693628,-12.9912519290675,-25.9824773660033,0
0.26026026026026,-24.8279906587259,-1.78259543419889,-13.3052944596777,-26.6105617868192,0
0.264264264264264,-25.4130503435478,-1.82460144013118,-13.6188273383565,-27.2376269048117,0
0.268268268268268,-25.9967887295652,-1.86651257969879,-13.9316521343756,-27.8632758589285,0
0.272272272272272,-26.5788363766301,-1.90830232790701,-14.2435708651424,-28.4871126843886,0
0.276276276276276,-27.1588249146402,-1.94994423658806,-14.5543861215011,-29.1087425632826,0
0.28028028028028,-27.7363872766757,-1.99141195113981,-14.8639011926697,-29.7277720744479,0
0.284284284284284,-28.3111579313107,-2.03267922720525,-15.171920190736,-30.3438094424594,0
0.288288288288288,-28.8827731139533,-2.07371994728218,-15.4782481746323,-30.9564647855791,0
0.292292292292292,-29.4508710570673,-2.11450813725264,-15.7826912735108,-31.5653503625071,0
0.296296296296296,-30.0150922191298,-2.15501798282153,-16.0850568094421,-32.1700808177772,0
0.3003003003003,-30.5750795121805,-2.19522384585422,-16.3851534193584,-32.7702734256443,0
0.304304304304304,-31.1304785278175,-2.23510028060248,-16.6827911761645,-33.365548332305,0
0.308308308308308,-31.6809377614979,-2.27462204980882,-16.9777817089401,-33.9555287963032,0
0.312312312312312,-32.226108835,-2.31376414067877,-17.2699383221574,-34.5398414269637,0
0.316316316316316,-32.7656467169075,-2.35250178071118,-17.559076113838,-35.1181164207068,0
0.32032032032032,-33.299209940975,-2.39081045337635,-17.8450120925749,-35.6899877950917,0
0.324324324324324,-33.8264608222372,-2.42866591363225,-18.1275652933452,-36.2550936204418,0
0.328328328328328,-34.3470656707258,-2.46604420326889,-18.4065568920407,-36.8130762489053,0
0.332332332332332,-34.8606950026566,-2.50292166607108,-18.6818103186431,-37.3635825408055,0
0.336336336336336,-35.3670237489559,-2.53927496279023,-18.9531513689727,-37.9062640881382,0
0.34034034034034,-35.8657314609921,-2.57508108591534,-19.2204083149399,-38.4407774350747,0
0.344344344344344,-36.3565025133834,-2.61031737423424,-19.4834120132298,-38.9667842953298,0
0.348348348348348,-36.8390263037526,-2.64496152717548,-19.7419960123504,-39.4839517662592,0
0.352352352352352,-37.3129974493037,-2.67899161892212,-19.9959966579779,-39.9919525395486,0
0.356356356356356,-37.7781159800938,-2.71238611228828,-20.2452531965307,-40.4904651083632,0
0.36036036036036,-38.2340875288808,-2.74512387234969,-20.4896078769089,-40.9791739708246,0
0.364364364364364,-38.6806235174239,-2.77718417981975,-20.7289060503324,-41.457769829688,0
0.368368368368368,-39.1174413391211,-2.80854674416244,-20.9629962682161,-41.9259497880919,0
0.372372372372372,-39.5442645378669,-2.83919171643397,-21.1917303780197,-42.3834175412579,0
0.376376376376376,-39.9608229830182,-2.86909970184489,-21.4149636170114,-42.8298835640178,0
0.38038038038038,-40.3668530403556,-2.89825177203478,-21.6325547038863,-43.2650652940497,0
0.384384384384384,-40.7620977389344,-2.92662947705177,-21.8443659281816,-43.6886873107088,0
0.388388388388388,-41.1463069337179,-2.95421485702925,-22.0502632374314,-44.1004815093367,0
0.392392392392392,-41.5192374638909,-2.98099045355245,-22.2501163220068,-44.5001872709415,0
0.396396396396396,-41.8806533067529,-3.00693932070761,-22.4437986975873,-44.8875516271397,0
0.4004004004004,-42.2303257270935,-3.03204503580685,-22.6311877852107,-45.2623294202573,0
0.404404404404404,-42.5680334219561,-3.05629170978182,-22.8121649888518,-45.6242834584858,0
0.408408408408408,-42.8935626606972,-3.07966399723974,-22.9866157704806,-45.9731846659982,0
0.412412412412412,-43.2067074202541,-3.10214710617523,-23.154429722551,-46.3088122279281,0
0.416416416416416,-43.5072695155337,-3.12372680733201,-23.3155006378773,-46.6309537301202,0
0.42042042042042,-43.7950587248414,-3.1443894432084,-23.4697265768504,-46.9394052935644,0
0.424424424424424,-44.0698929102698,-3.16412193670095,-23.6170099319545,-47.2339717034283,0
0.428428428428428,-44.3315981329714,-3.18291179938079,-23.7572574895415,-47.5144665326055,0
0.432432432432432,-44.5800087632418,-3.20074713939735,-23.8903804888246,-47.7807122597034,0
0.436436436436436,-44.8149675853449,-3.2176166690046,-24.0162946780537,-48.0325403813939,0
0.44044044044044,-45.0363258970127,-3.23350971170487,-24.1349203678375,-48.2697915190565,0
0.444444444444444,-45.2439436035565,-3.24841620900588,-24.2461824815775,-48.4923155196477,0
0.448448448448448,-45.4376893065311,-3.26232672678661,-24.3500106029832,-48.6999715507299,0
0.452452452452452,-45.6174403868953,-3.27523246126807,-24.4463390206376,-48.8926281896029,0
0.456456456456456,-45.7830830826159,-3.28712524458504,-24.5351067695848,-49.0701635064796,0
0.46046046046046,-45.9345125606658,-3.29799754995542,-24.6162576699143,-49.2324651416534,0
0.464464464464464,-46.0716329833714,-3.30784249644386,-24.6897403623163,-49.3794303766093,0
0.468468468468468,-46.1943575690675,-3.31665385331655,-24.7555083405862,-49.5109661990332,0
0.472472472472472,-46.3026086470197,-3.32442604398462,-24.813519981058,-49.6269893616778,0
0.476476476476476,-46.3963177065814,-3.33115414953346,-24.8637385689472,-49.727426435049,0
0.48048048048048,-46.4754254405532,-3.33683391183587,-24.9061323215871,-49.8122138538784,0
0.484484484484485,-46.5398817827177,-3.34146173624692,-24.9406744085438,-49.8812979573525,0
0.488488488488488,-46.5896459395257,-3.34503469387897,-24.9673429685964,-49.9346350230744,0
0.492492492492492,-46.6246864159138,-3.34755052345536,-24.9861211235731,-49.9721912947349,0
0.496496496496497,-46.6449810352372,-3.34900763274149,-24.9969969890331,-49.9939430034765,0
0.500500500500501,-46.6506376834095,-3.34941877430405,-25.0000147027422,-50,4.31505623221815e-07
0.504504504504504,-46.6510691751777,-3.34985029524794,-24.9991516930962,-50,3.4951891469115e-05
0.508508508508508,-46.6521909256314,-3.35097236304434,-24.9969078828173,-50,0.000124704302934782
0.512512512512513,-46.6540025930467,-3.35278527990997,-24.9932833114116,-50,0.000269687162076641
0.516516516516517,-46.6565036253815,-3.35528953395025,-24.9882780428138,-50,0.000469897919938262
0.520520520520521,-46.65969326024,-3.35848579903121,-24.9818921655511,-50,0.000725333056598144
0.524524524524524,-46.6635705248212,-3.36237493460253,-24.9741257929712,-50,0.00103598808123006
0.528528528528528,-46.6681342358559,-3.36695798547159,-24.9649790635321,-50,0.00140185753218258
0.532532532532533,-46.6733829995281,-3.37223618152861,-24.9544521411543,-50,0.00182293497707499
0.536536536536537,-46.6793152113845,-3.3782109374228,-24.9425452156365,-50,0.00229921301290994
0.540540540540541,-46.6859290562298,-3.38488385218932,-24.9292585031322,-50,0.00283068326620389
0.544544544544545,-46.6932225080097,-3.39225670882714,-24.9145922466901,-50,0.00341733639313467
0.548548548548549,-46.7011933296799,-3.40033147382752,-24.8985467168549,-50,0.00405916207970539
0.552552552552553,-46.7098390730641,-3.40911029665308,-24.8811222123318,-50,0.00475614904192616
0.556556556556557,-46.7191570786988,-3.41859550916742,-24.8623190607114,-50,0.0055082850260115
0.560560560560561,-46.729144475666,-3.42878962501496,-24.8421376192572,-50,0.00631555680859695
0.564564564564565,-46.7397981814152,-3.43969533895099,-24.8205782757534,-50,0.007177950196971
0.568568568568569,-46.7511149015732,-3.45131552612177,-24.7976414494153,-50,0.00809545002932413
0.572572572572573,-46.7630911297441,-3.46365324129446,-24.7733275918595,-50,0.00906804017501704
0.576576576576577,-46.7757231472977,-3.47671171803668,-24.7476371881351,-50,0.0100957035348617
0.580580580580581,-46.7890070231493,-3.49049436784563,-24.7205707578159,-50,0.0111784220414247
0.584584584584585,-46.8029386135291,-3.50500477922644,-24.6921288561519,-50,0.0123161766593424
0.588588588588589,-46.8175135617429,-3.52024671671957,-24.6623120752812,-50,0.0135089473856573
0.592592592592593,-46.8327272979249,-3.53622411987718,-24.6311210455014,-50,0.0147567132501692
0.596596596596597,-46.8485750387817,-3.55294110218798,-24.5985564366002,-50,0.0160594523158038
0.600600600600601,-46.8650517873299,-3.57040194995059,-24.5646189592445,-50,0.0174171416789988
0.604604604604605,-46.8821523326268,-3.588611121095,-24.5293093664285,-50,0.0188297574701052
0.608608608608609,-46.8998712494947,-3.60757324395195,-24.4926284549797,-50,0.0202972748538093
0.612612612612613,-46.9182028982407,-3.62729311596991,-24.4545770671225,-50,0.0218196680295665
0.616616616616617,-46.9371414243708,-3.64777570237952,-24.4151560920992,-50,0.0233969102320576
0.620620620620621,-46.9566807583012,-3.66902613480505,-24.3743664678479,-50,0.0250289737316577
0.624624624624625,-46.976814615065,-3.6910497098227,-24.3322091827364,-50,0.026715829834924
0.628628628628629,-46.9975364940184,-3.71385188746548,-24.2886852773523,-50,0.0284574488851006
0.632632632632633,-47.0188396785431,-3.73743828967429,-24.2437958463488,-50,0.0302538002626397
0.636636636636637,-47.0407172357494,-3.76181469869499,-24.1975420403447,-50,0.0321048523857405
0.640640640640641,-47.0631620161791,-3.78698705542106,-24.1499250678791,-50,0.0340105727109025
0.644644644644645,-47.0861666535083,-3.81296145768167,-24.10094619742,-50,0.0359709277335007
0.648648648648649,-47.1097235642532,-3.83974415847477,-24.0506067594256,-50,0.0379858829883713
0.652652652652653,-47.133824947478,-3.86734156414485,-23.9989081484591,-50,0.0400554030504211
0.656656656656657,-47.1584627845062,-3.89576023250522,-23.9458518253545,-50,0.0421794515352471
0.660660660660661,-47.1836288386369,-3.92500687090427,-23.8914393194344,-50,0.0443579910997786
0.664664664664665,-47.2093146548662,-3.95508833423559,-23.8356722307782,-50,0.046590983442932
0.668668668668669,-47.2355115596156,-3.98601162289149,-23.7785522325404,-50,0.0488783893062852
0.672672672672673,-47.2622106604676,-4.0177838806597,-23.720081073318,-50,0.0512201684747678
0.676676676676677,-47.2894028459101,-4.05041239256289,-23.6602605795674,-50,0.0536162797773675
0.680680680680681,-47.3170787850903,-4.08390458264065,-23.5990926580673,-50,0.0560666810878543
0.684684684684685,-47.3452289275792,-4.11826801167369,-23.5365792984305,-50,0.0585713293255214
0.688688688688689,-47.373843503149,-4.1535103748499,-23.4727225756614,-50,0.0611301804559418
0.692692692692693,-47.4029125215617,-4.18963949937198,-23.4075246527579,-50,0.0637431894917435
0.696696696696697,-47.4324257723735,-4.22666334200625,-23.3409877833598,-50,0.0664103104933999
0.700700700700701,-47.4623728247536,-4.26458998657253,-23.2731143144394,-50,0.0691314965700369
0.704704704704705,-47.4927430273196,-4.30342764137452,-23.2039066890354,-50,0.0719066998802586
0.708708708708709,-47.523525507991,-4.34318463657064,-23.1333674490297,-50,0.0747358716329868
0.712712712712713,-47.5547091738611,-4.38386942148483,-23.0614992379632,-50,0.0776189620883211
0.716716716716717,-47.5862827110893,-4.4254905618572,-22.9883048038943,-50,0.0805559205584098
0.720720720720721,-47.6182345848147,-4.46805673703412,-22.9137870022938,-50,0.0835466954083458
0.724724724724725,-47.6505530390927,-4.5115767370976,-22.8379487989802,-50,0.0865912340570696
0.728728728728729,-47.6832260968552,-4.55605945993354,-22.7607932730905,-50,0.0896894829782968
0.732732732732733,-47.7162415598961,-4.60151390823882,-22.6823236200876,-50,0.0928413877014585
0.736736736736737,-47.7495870088839,-4.64794918646679,-22.6025431548026,-50,0.0960468928126587
0.740740740740741,-47.7832498034012,-4.695374497711,-22.5214553145111,-50,0.0993059419556476
0.744744744744745,-47.817217082015,-4.74379914052708,-22.4390636620416,-50,0.102618477832815
0.748748748748749,-47.851475762376,-4.79323250569227,-22.3553718889159,-50,0.105984442206195
0.752752752752753,-47.8860125413512,-4.84368407290274,-22.2703838185199,-50,0.10940377589849
0.756756756756757,-47.9208138951894,-4.89516340740833,-22.184103409303,-50,0.112876418794115
0.760760760760761,-47.9558660797212,-4.94768015658455,-22.0965347580061,-50,0.116402309840248
0.764764764764765,-47.9911551305961,-5.00124404644176,-22.0076821029152,-50,0.11998138704791
0.768768768768769,-48.0266668635562,-5.05586487807141,-21.9175498271419,-50,0.123613587493048
0.772772772772773,-48.06238687475,-5.11155252402913,-21.826142461926,-50,0.12729884731765
0.776776776776777,-48.0983005410859,-5.16831692465463,-21.7334646899624,-50,0.131037101730857
0.780780780780781,-48.1343930206282,-5.22616808432843,-21.6395213487485,-50,0.134828285010112
0.784784784784785,-48.170649253036,-5.28511606766514,-21.5443174339511,-50,0.138672330502311
0.788788788788789,-48.2070539600477,-5.3451709956435,-21.4478581027933,-50,0.142569170624972
0.792792792792793,-48.2435916460115,-5.40634304167299,-21.3501486774563,-50,0.14651873686743
0.796796796796797,-48.2802465984632,-5.46864242759704,-21.2511946484987,-50,0.150520959792035
0.800800800800801,-48.3170028887544,-5.53207941963301,-21.1510016782883,-50,0.154575769035377
0.804804804804805,-48.3538443727307,-5.59666432424879,-21.0495756044476,-50,0.15868309330952
0.808808808808809,-48.3907546914624,-5.66240748397623,-20.9469224433089,-50,0.16284286040326
0.812812812812813,-48.4277172720292,-5.7293192731615,-20.8430483933804,-50,0.167054997183388
0.816816816816817,-48.4647153283597,-5.79741009365241,-20.7379598388181,-50,0.171319429595982
0.820820820820821,-48.5017318621279,-5.86669037042297,-20.6316633529054,-50,0.175636082667704
0.824824824824825,-48.5387496637085,-5.93717054713531,-20.5241657015363,-50,0.180004880507121
0.828828828828829,-48.5757513131908,-6.00886108163913,-20.4154738467012,-50,0.18442574630604
0.832832832832833,-48.6127191814548,-6.08177244140906,-20.3055949499737,-50,0.188898602340855
0.836836836836837,-48.6496354313096,-6.15591509892,-20.1945363759972,-50,0.193423369973917
0.840840840840841,-48.686482018696,-6.23129952696095,-20.0823056959682,-50,0.197999969654913
0.844844844844845,-48.7232406939548,-6.30793619388753,-19.9689106911153,-50,0.202628320922268
0.848848848848849,-48.7598930031626,-6.38583555881358,-19.8543593561723,-50,0.207308342404557
0.852852852852853,-48.7964202895353,-6.46500806674229,-19.738659902843,-50,0.212039951821938
0.856856856856857,-48.8328036949027,-6.54546414363725,-19.6218207632559,-50,0.216823065987597
0.860860860860861,-48.869024161254,-6.62721419143387,-19.5038505934074,-50,0.22165760080921
0.864864864864865,-48.9050624323561,-6.71026858299175,-19.3847582765905,-50,0.226543471290423
0.868868868868869,-48.940899055447,-6.79463765698846,-19.2645529268084,-50,0.231480591532344
0.872872872872873,-48.9765143830043,-6.88033171275537,-19.1432438921699,-50,0.236468874735057
0.876876876876877,-49.0118885745907,-6.96736100505607,-19.0208407582648,-50,0.241508233199144
0.880880880880881,-49.0470015987793,-7.05573573880819,-18.8973533515181,-50,0.24659857832723
0.884884884884885,-49.0818332351572,-7.14546606374902,-18.7727917425197,-50,0.251739820625539
0.888888888888889,-49.1163630764114,-7.23656206904608,-18.6471662493281,-50,0.256931869705466
0.892892892892893,-49.1505705304972,-7.32903377785302,-18.5204874407465,-50,0.262174634285169
0.896896896896897,-49.1844348228907,-7.42289114181188,-18.3927661395681,-50,0.267468022191174
0.900900900900901,-49.2179349989255,-7.51814403550251,-18.2640134257892,-50,0.272811940359992
0.904904904904905,-49.2510499262173,-7.61480225084008,-18.1342406397878,-50,0.278206294839757
0.908908908908909,-49.2837582971755,-7.7128754914216,-18.0034593854654,-50,0.283650990791882
0.912912912912913,-49.3160386316041,-7.81237336682237,-17.8716815333494,-50,0.289145932492717
0.916916916916917,-49.3478692793922,-7.91330538684357,-17.7389192236551,-50,0.294691023335241
0.920920920920921,-49.379228423297,-8.01568095571186,-17.6051848693033,-50,0.300286165830756
0.924924924924925,-49.4100940818182,-8.11950936623224,-17.4704911588929,-50,0.305931261610601
0.928928928928929,-49.4404441121667,-8.22479979389526,-17.3348510596248,-50,0.311626211427883
0.932932932932933,-49.4702562133281,-8.33156129093997,-17.1982778201759,-50,0.317370915159221
0.936936936936937,-49.4995079292216,-8.43980278037355,-17.06078497352,-50,0.323165271806506
0.940940940940941,-49.5281766519562,-8.5495330499492,-16.9223863396942,-50,0.329009179498676
0.944944944944945,-49.5562396251847,-8.66076074610363,-16.7830960285074,-50,0.334902535493512
0.948948948948949,-49.5836739475562,-8.77349436785533,-16.6429284421891,-50,0.340845236179435
0.952952952952953,-49.6104565762686,-8.8877422606653,-16.5018982779767,-50,0.346837177077336
0.956956956956957,-49.636564330722,-9.00351261026176,-16.3600205306371,-50,0.352878252842409
0.960960960960961,-49.661973896273,-9.12081343643004,-16.2173104949224,-50,0.358968357266005
0.964964964964965,-49.6866618280921,-9.23965258676978,-16.0737837679557,-50,0.365107383277497
0.968968968968969,-49.7106045551236,-9.36003773042065,-15.9294562515452,-50,0.371295222946163
0.972972972972973,-49.7337783841493,-9.4819763517584,-15.7843441544245,-50,0.377531767483085
0.976976976976977,-49.7561595039576,-9.60547574406326,-15.6384639944152,-50,0.38381690724306
0.980980980980981,-49.7777239896164,-9.73054300316198,-15.4918326005117,-50,0.39015053172653
0.984984984984985,-49.7984478068533,-9.85718502104592,-15.3444671148837,-50,0.396532529581522
0.988988988988989,-49.8183068165406,-9.98540847946654,-15.1963849947944,-50,0.402962788605605
0.992992992992993,-49.8372767792885,-10.1152198435108,-15.0476040144332,-50,0.409441195747869
0.996996996996997,-49.8553333601448,-10.2466253551578,-14.8981422666587,-50,0.415967637110902
1.001001001001,-49.8724521334024,-10.3796310268196,-14.7480181646503,-50,0.422541997952804
1.00500500500501,-49.8886085875151,-10.5142426348675,-14.5972504434669,-50,0.429164162689195
1.00900900900901,-49.9037781301214,-10.6504657131461,-14.4458581615078,-50,0.435834014895252
1.01301301301301,-49.9179360931776,-10.7883055464777,-14.2938607018767,-50,0.442551437307756
1.01701701701702,-49.9310577381985,-10.9277671641592,-14.1412777736426,-50,0.44931631182715
1.02102102102102,-49.9431182616083,-11.0688553334536,-13.9881294129987,-50,0.456128519519618
1.02502502502503,-49.9540928001997,-11.2115745530782,-13.8344359843143,-50,0.462987940619177
1.02902902902903,-49.9639564367024,-11.3559290466928,-13.6802181810788,-50,0.469894454529781
1.03303303303303,-49.97268420546,-11.501922756389,-13.5254970267344,-50,0.47684793982744
1.03703703703704,-49.980251098217,-11.6495593361851,-13.3702938753956,-50,0.483848274262357
1.04104104104104,-49.9866320700128,-11.7988421455265,-13.2146304124536,-50,0.490895334761077
1.04504504504505,-49.991802045186,-11.9497742427966,-13.0585286550623,-50,0.497988997428649
1.04904904904905,-49.995735923485,-12.1023583788397,-12.9020109525035,-50,0.505129137550806
1.05305305305305,-49.9984085862884,-12.2565969904984,-12.7450999864305,-50,0.512315629596159
1.05705705705706,-49.999794902931,-12.4124921941687,-12.5878187709856,-50,0.519548347218398
1.06106106106106,-49.9998697371378,-12.5700457793759,-12.4301906527913,-50,0.526827163258521
1.06506506506507,-49.9986079535643,-12.7292592023733,-12.2722393108114,-50,0.534151949747064
1.06906906906907,-49.9959844244415,-12.8901335797665,-12.1139887560803,-50,0.541522577906353
1.07307307307307,-49.9919740363275,-13.0526696821678,-11.955463331299,-50,0.548938918152768
1.07707707707708,-49.9865516969618,-13.2168679278815,-11.7966877102939,-50,0.556400840099021
1.08108108108108,-49.979692342224,-13.3827283766247,-11.6376868973384,-50,0.56390821255645
1.08508508508509,-49.9713709431942,-13.5502507232857,-11.4784862263333,-50,0.571460903537319
1.08908908908909,-49.9615625133157,-13.7194342917234,-11.3191113598451,-50,0.579058780257151
1.09309309309309,-49.9502421156576,-13.8902780286116,-11.1595882879997,-50,0.586701709137047
1.0970970970971,-49.9373848702762,-14.0627804973294,-10.9999433272295,-50,0.594389555806046
1.1011011011011,-49.9229659616753,-14.2369398719029,-10.840203118872,-50,0.602122185103485
1.10510510510511,-49.9069606463631,-14.4127539310003,-10.6803946276183,-50,0.609899461081372
1.10910910910911,-49.8893442605035,-14.5902200519843,-10.5205451398083,-50,0.617721247006777
1.11311311311311,-49.8700922276625,-14.7693352050242,-10.3606822615735,-50,0.625587405364238
1.11711711711712,-49.8491800666465,-14.9500959472719,-10.2008339168216,-50,0.63349779785818
1.12112112112112,-49.826583399431,-15.1324984171049,-10.0410283450658,-50,0.64145228541534
1.12512512512513,-49.8022779591786,-15.3165383284396,-9.88129409909261,-50,0.649450728187219
1.12912912912913,-49.776239598345,-15.5022109651178,-9.72166004247018,-50,0.657492985552536
1.13313313313313,-49.748444296869,-15.6895111753711,-9.56215534689326,-50,0.665578916119703
1.13713713713714,-49.7188681704474,-15.8784333663656,-9.40280948936437,-50,0.67370837772931
1.14114114114114,-49.6874874788905,-16.0689714988305,-9.24365224920909,-50,0.681881227456623
1.14514514514515,-49.6542786345574,-16.2611190817744,-9.08471370492478,-50,0.6900973216141
1.14914914914915,-49.6192182108682,-16.454869167293,-8.92602423086059,-50,0.698356515753912
1.15315315315315,-49.5822829508917,-16.6502143454709,-8.76761449372811,-50,0.706658664670488
1.15715715715716,-49.5434497760052,-16.8471467393821,-8.60951544894096,-50,0.715003622403065
1.16116116116116,-49.5026957946247,-17.0456580001924,-8.45175833678269,-50,0.723391242238256
1.16516516516517,-49.4599983110029,-17.2457393023662,-8.29437467840141,-50,0.731821376712625
1.16916916916917,-49.4153348340918,-17.4473813389835,-8.13739627163039,-50,0.740293877615286
1.17317317317317,-49.3686830864685,-17.6505743171684,-7.98085518663382,-50,0.748808595990501
1.17717717717718,-49.3200210133205,-17.8553079536347,-7.82478376137647,-50,0.757365382140309
1.18118118118118,-49.269326791487,-18.0615714703504,-7.669214596917,-50,0.765964085627147
1.18518518518519,-49.2165788385554,-18.2693535903261,-7.51418055252373,-50,0.774604555276502
1.18918918918919,-49.1617558220081,-18.4786425335302,-7.3597147406125,-50,0.783286639179567
1.19319319319319,-49.1048366684172,-18.6894260129349,-7.20585052150619,-50,0.79201018469591
1.1971971971972,-49.0458005726839,-18.9016912306961,-7.05262149801502,-50,0.800775038456161
1.2012012012012,-48.9846270073197,-19.1154248744714,-6.90006150983779,-50,0.809581046364703
1.20520520520521,-48.9212957317659,-19.3306131138791,-6.74820462778336,-50,0.818428053602387
1.20920920920921,-48.8557868017471,-19.547241597103,-6.59708514781238,-50,0.827315904629253
1.21321321321321,-48.788080578657,-19.7652954476445,-6.44673758489916,-50,0.836244443187259
1.21721721721722,-48.7181577389718,-19.9847592612279,-6.29719666671355,-50,0.845213512303035
1.22122122122122,-48.6459992836871,-20.2056171028608,-6.14849732712308,-50,0.854222954290638
1.22522522522523,-48.5715865477765,-20.4278525040535,-6.00067469951536,-50,0.86327261075433
1.22922922922923,-48.4949012096659,-20.6514484602018,-5.85376410994114,-50,0.872362322591354
1.23323323323323,-48.4159253007215,-20.8763874281346,-5.70780107007841,-50,0.881491929994738
1.23723723723724,-48.3346412147463,-21.1026513238323,-5.56282127001781,-50,0.890661272456106
1.24124124124124,-48.251031717482,-21.330221520317,-5.41886057087036,-50,0.899870188768491
1.24524524524525,-48.1650799561116,-21.5590788457201,-5.27595499719751,-50,0.90911851702918
1.24924924924925,-48.0767694687593,-21.7892035815284,-5.13414072926499,-50,0.918406094642552
1.25325325325325,-47.986084193983,-22.0205754610139,-4.9934540951209,-50,0.927732758322942
1.25725725725726,-47.8930084802548,-22.2531736678493,-4.85393156249913,-50,0.937098344097507
1.26126126126126,-47.7975270954268,-22.4869768349133,-4.71560973054926,-50,0.946502687309114
1.26526526526527,-47.6996252361754,-22.7219630432877,-4.57852532139411,-50,0.955945622619232
1.26926926926927,-47.5992885374222,-22.9581098214509,-4.44271517151617,-50,0.965426984010838
1.27327327327327,-47.496503081725,-23.1953941446696,-4.30821622297455,-50,0.974946604791337
1.27727727727728,-47.391255408636,-23.4337924345925,-4.1750655144536,-50,0.984504317595494
1.28128128128128,-47.2835325240208,-23.6732805590482,-4.04330017214531,-50,0.994099954388374
1.28528528528529,-47.1733219093358,-23.9138338320511,-3.91295740046686,-50,1.0037333464683
1.28928928928929,-47.0606115308569,-24.1554270140175,-3.78407447261528,-50,1.0134043244698
1.29329329329329,-46.945389848857,-24.3980343121944,-3.65668872096144,-50,1.02311271836663
1.2972972972973,-46.8276458267259,-24.6416293813046,-3.53083752728508,-50,1.03285835747472
1.3013013013013,-46.7073689400284,-24.8861853244101,-3.40655831285331,-50,1.04264107045517
1.30530530530531,-46.5845491854962,-25.1316746939962,-3.28388852834496,-50,1.05246068531731
1.30930930930931,-46.4591770899472,-25.3780694932791,-3.16286564362299,-50,1.06231702942169
1.31331331331331,-46.3312437191296,-25.6253411777394,-3.04352713735769,-50,1.07220992948309
1.31731731731732,-46.2007406864834,-25.8734606568839,-2.92591048650333,-50,1.08213921157365
1.32132132132132,-46.0676601618159,-26.1223982962369,-2.81005315563094,-50,1.09210470112582
1.32532532532533,-45.9319948798857,-26.3721239195649,-2.69599258612017,-50,1.10210622293553
1.32932932932933,-45.7937381488896,-26.6226068113351,-2.58376618521329,-50,1.11214360116518
1.33333333333333,-45.652883858849,-26.8738157194108,-2.47341131493441,-50,1.12221665934682
1.33733733733734,-45.509426489888,-27.125718857985,-2.36496528087707,-50,1.13232522038516
1.34134134134134,-45.363361120401,-27.3782839107533,-2.25846532086386,-50,1.14246910656078
1.34534534534535,-45.2146834351024,-27.6314780343299,-2.15394859348114,-50,1.15264813953318
1.34934934934935,-45.0633897329548,-27.8852678619056,-2.05145216649272,-50,1.16286214034393
1.35335335335335,-44.9094769349691,-28.1396195071508,-1.95101300513615,-50,1.17311092941985
1.35735735735736,-44.7529425918736,-28.3944985683653,-1.85266796030543,-50,1.18339432657614
1.36136136136136,-44.5937848916438,-28.6498701328738,-1.75645375662393,-50,1.19371215101954
1.36536536536537,-44.4320026668907,-28.9056987816716,-1.66240698041178,-50,1.20406422135154
1.36936936936937,-44.2675954021008,-29.1619485943183,-1.57056406755172,-50,1.21445035557153
1.37337337337337,-44.100563240723,-29.4185831540819,-1.48096129125773,-50,1.22487037108003
1.37737737737738,-43.9309069920979,-29.675565553335,-1.39363474975075,-50,1.2353240846819
1.38138138138138,-43.7586281382226,-29.9328583992013,-1.30862035384604,-50,1.24581131258954
1.38538538538539,-43.583728840349,-30.1904238194548,-1.22595381445664,-50,1.25633187042612
1.38938938938939,-43.406211945407,-30.4482234686721,-1.1456706300178,-50,1.26688557322886
1.39339339339339,-43.22608099225,-30.7062185346365,-1.06780607383689,-50,1.27747223545224
1.3973973973974,-43.0433402177171,-30.9643697449958,-0.992395181373984,-50,1.28809167097128
1.4014014014014,-42.8579945625065,-31.2226373741732,-0.91947273745783,-50,1.29874369308481
1.40540540540541,-42.6700496768552,-31.48098125053,-0.849073263442446,-50,1.30942811451876
1.40940940940941,-42.4795119260212,-31.7393607637823,-0.781231004309507,-50,1.32014474742942
1.41341341341341,-42.2863883955617,-31.9977348726685,-0.715979915721718,-50,1.33089340340681
1.41741741741742,-42.0906868964036,-32.2560621128696,-0.653353651032609,-50,1.3416738934779
1.42142142142142,-41.8924159697014,-32.5143006051796,-0.593385548258213,-50,1.35248602811003
1.42542542542543,-41.6915848914771,-32.7724080639262,-0.536108617016059,-50,1.36332961721415
1.42942942942943,-41.4882036770384,-33.0303418056414,-0.481555525437288,-50,1.37420447014825
1.43343343343343,-41.2822830851698,-33.2880587579787,-0.429758587057405,-50,1.38511039572063
1.43743743743744,-41.0738346220923,-33.5455154688787,-0.380749747691631,-50,1.39604720219332
1.44144144144144,-40.8628705451878,-33.8026681159788,-0.33456057230061,-50,1.40701469728543
1.44544544544545,-40.6494038664827,-34.0594725162678,-0.291222231852445,-50,1.41801268817652
1.44944944944945,-40.4334483558878,-34.3158841359816,-0.250765490187116,-50,1.42904098151001
1.45345345345345,-40.2150185441881,-34.5718581007402,-0.213220690889304,-50,1.44009938339656
1.45745745745746,-39.9941297257811,-34.8273492059223,-0.178617744175849,-50,1.45118769941752
1.46146146146146,-39.7707979611575,-35.0823119272767,-0.146986113803965,-50,1.46230573462827
1.46546546546547,-39.5450400791208,-35.3367004317669,-0.118354804006582,-50,1.47345329356173
1.46946946946947,-39.3168736787419,-35.5904685886478,-0.0927523464611002,-50,1.48463018023174
1.47347347347347,-39.0863171310461,-35.8435699807706,-0.0702067872979439,-50,1.49583619813655
1.47747747747748,-38.8533895804263,-36.0959579161146,-0.0507456741553808,-50,1.50707115026223
1.48148148148148,-38.6181109457811,-36.3475854395412,-0.034396043287066,-50,1.51833483908616
1.48548548548549,-38.3805019213734,-36.5984053447691,-0.0211844067288608,-50,1.52962706658051
1.48948948948949,-38.1405839774064,-36.8483701865653,-0.0111367395315115,-50,1.54094763421569
1.49349349349349,-37.8983793603128,-37.097432293151,-0.00427846706574642,-50,1.55229634296386
1.4974974974975,-37.6539110927556,-37.3455437788164,-0.000634452406497732,-50,1.56367299330246
1.5015015015015,-37.4072029733366,-37.5926565567424,-0.000228983802857963,-50,1.57507738521766
1.50550550550551,-37.1582795760094,-37.8387223520254,-0.00308576224052892,-50,1.58650931820789
1.50950950950951,-36.907166249195,-38.0836927148995,-0.00922788910341643,-50,1.59796859128742
1.51351351351351,-36.6538891145967,-38.3275190341548,-0.0186778539411708,-50,1.6094550029898
1.51751751751752,-36.3984750657121,-38.5701525507448,-0.0314575223493652,-50,1.62096835137151
1.52152152152152,-36.1409517660397,-38.8115443715801,-0.0475881239691195,-50,1.63250843401541
1.52552552552553,-35.8813476469781,-39.0516454835039,-0.0670902406128937,-50,1.64407504803435
1.52952952952953,-35.6196919054157,-39.2904067674431,-0.0899837945232268,-50,1.65566799007475
1.53353353353353,-35.3560145010082,-39.5277790127328,-0.116288036771237,-50,1.66728705632014
1.53753753753754,-35.0903461531436,-39.7637129316057,-0.146021535801524,-50,1.67893204249476
1.54154154154154,-34.8227183375915,-39.9981591738453,-0.179202166130341,-50,1.69060274386715
1.54554554554555,-34.5531632828369,-40.2310683415938,-0.215847097203664,-50,1.70229895525375
1.54954954954955,-34.2817139660951,-40.4623910043125,-0.255972782421951,-50,1.71402047102251
1.55355355355355,-34.0084041090084,-40.6920777138868,-0.299594948338186,-50,1.72576708509648
1.55755755755756,-33.7332681730231,-40.9200790198716,-0.346728584035932,-50,1.73753859095749
1.56156156156156,-33.4563413544448,-41.1463454848708,-0.39738793069399,-50,1.74933478164972
1.56556556556557,-33.1776595791736,-41.3708277000451,-0.451586471344204,-50,1.76115544978337
1.56956956956957,-32.8972594971159,-41.5934763007414,-0.50933692082902,-50,1.7730003875383
1.57357357357357,-32.6151784762755,-41.8142419822395,-0.570651215965243,-50,1.78486938666769
1.57757757757758,-32.3314545965212,-42.0330755156068,-0.63554050592044,-50,1.79676223850169
1.58158158158158,-32.0461266430323,-42.2499277636579,-0.704015142808365,-50,1.80867873395109
1.58558558558559,-31.7592340994222,-42.4647496970103,-0.776084672509744,-50,1.820618663511
1.58958958958959,-31.4708171405398,-42.6774924102303,-0.851757825724683,-50,1.83258181726455
1.59359359359359,-31.18091662495,-42.8881071380624,-0.931042509262814,-50,1.84456798488653
1.5975975975976,-30.8895740870936,-43.0965452717359,-1.01394579757741,-50,1.85657695564716
1.6016016016016,-30.596831729127,-43.3027583753401,-1.1004739245494,-50,1.86860851841573
1.60560560560561,-30.3027324124442,-43.5066982022631,-1.19063227552722,-50,1.88066246166434
1.60960960960961,-30.0073196488812,-43.7083167116856,-1.28442537962851,-50,1.89273857347163
1.61361361361361,-29.7106375916045,-43.9075660851235,-1.38185690230923,-50,1.90483664152648
1.61761761761762,-29.4127310256852,-44.1043987430108,-1.48292963820594,-50,1.91695645313176
1.62162162162162,-29.1136453583617,-44.2987673613164,-1.58764550425692,-50,1.92909779520807
1.62562562562563,-28.8134266089911,-44.4906248881872,-1.69600553310738,-50,1.94126045429747
1.62962962962963,-28.512121398693,-44.6799245606099,-1.80800986680427,-50,1.95344421656726
1.63363363363363,-28.2097769396873,-44.8666199210826,-1.92365775078593,-50,1.9656488678137
1.63763763763764,-27.9064410243296,-45.0506648342911,-2.04294752817149,-50,1.97787419346582
1.64164164164164,-27.6021620138447,-45.2320135037796,-2.16587663435541,-50,1.99011997858917
1.64564564564565,-27.2969888267646,-45.41062048861,-2.29244159191149,-50,2.00238600788958
1.64964964964965,-26.9909709270709,-45.5864407199997,-2.4226380058116,-50,2.014672065717
1.65365365365365,-26.6841583120461,-45.759429517933,-2.55646055896344,-50,2.02697793606921
1.65765765765766,-26.3766014998389,-45.9295426077345,-2.69390300807177,-50,2.03930340259571
1.66166166166166,-26.0683515167436,-46.0967361366001,-2.83495817982761,-50,2.05164824860146
1.66566566566567,-25.7594598842016,-46.2609666900749,-2.97961796742943,-50,2.0640122570507
1.66966966966967,-25.4499786055259,-46.422191308471,-3.12787332744033,-50,2.07639521057078
1.67367367367367,-25.1399601523539,-46.5803675032174,-3.27971427698521,-50,2.08879689145598
1.67767767767768,-24.8294574508342,-46.7354532731332,-3.43512989129148,-50,2.10121708167132
1.68168168168168,-24.518523867549,-46.8874071206162,-3.59410830157697,-50,2.11365556285643
1.68568568568569,-24.2072131951807,-47.0361880677389,-3.75663669328823,-50,2.12611211632933
1.68968968968969,-23.8955796379235,-47.1817556722439,-3.92270130469275,-50,2.13858652309035
1.69369369369369,-23.5836777966493,-47.3240700434298,-4.09228742582768,-50,2.15107856382589
1.6976976976977,-23.2715626538297,-47.4630918579202,-4.26537939780837,-50,2.16358801891238
1.7017017017017,-22.9592895582212,-47.598782375308,-4.4419606124991,-50,2.17611466842006
1.70570570570571,-22.6469142093203,-47.7311034536648,-4.62201351254842,-50,2.18865829211685
1.70970970970971,-22.3344926415906,-47.8600175649106,-4.80551959179198,-50,2.2012186694723
1.71371371371371,-22.022081208473,-47.9854878100328,-4.9924593960241,-50,2.21379557966137
1.71771771771772,-21.7097365661805,-48.1074779341476,-5.18281252414075,-50,2.22638880156836
1.72172172172172,-21.3975156572863,-48.2259523413961,-5.37655762965541,-50,2.23899811379081
1.72572572572573,-21.0854756941114,-48.3408761096669,-5.57367242258914,-50,2.25162329464335
1.72972972972973,-20.7736741419176,-48.4522150051365,-5.77413367173676,-50,2.26426412216166
1.73373373373373,-20.4621687019133,-48.5599354966213,-5.97791720730955,-50,2.2769203741063
1.73773773773774,-20.1510172940781,-48.6640047697311,-6.1849979239562,-50,2.28959182796666
1.74174174174174,-19.8402780398145,-48.7643907408188,-6.39534978416207,-50,2.30227826096487
1.74574574574575,-19.5300092444324,-48.861062070717,-6.60894582202783,-50,2.31497945005971
1.74974974974975,-19.2202693794751,-48.9539881782539,-6.82575814742744,-50,2.32769517195052
1.75375375375375,-18.9111170648929,-49.0431392535419,-7.04575795054577,-50,2.34042520308117
1.75775775775776,-18.6026110510726,-49.1284862710312,-7.2689155067959,-50,2.35316931964391
1.76176176176176,-18.2948102007301,-49.2100010023199,-7.49520018211545,-50,2.36592729758339
1.76576576576577,-17.9877734706754,-49.287656028715,-7.72458043864174,-50,2.37869891260056
1.76976976976977,-17.6815598934544,-49.3614247535361,-7.95702384076506,-50,2.39148394015659
1.77377377377377,-17.3762285588799,-49.4312814141547,-8.19249706155886,-50,2.40428215547686
1.77777777777778,-17.0718385954564,-49.4972010937633,-8.43096588958608,-50,2.4170933335549
1.78178178178178,-16.7684491517087,-49.5591597328652,-8.67239523607988,-50,2.42991724915634
1.78578578578579,-16.4661193774215,-49.6171341404813,-8.91674914249764,-50,2.44275367682285
1.78978978978979,-16.1649084048003,-49.6711020050643,-9.16399078844597,-50,2.45560239087615
1.79379379379379,-15.864875329559,-49.7210419051163,-9.41408249997505,-50,2.46846316542194
1.7977977977978,-15.5660791919457,-49.7669333195013,-9.66698575824018,-50,2.48133577435388
1.8018018018018,-15.2685789577137,-49.8087566374488,-9.92266120852767,-50,2.49421999135758
1.80580580580581,-14.9724334990466,-49.8464931682401,-10.1810686696428,-50,2.50711558991456
1.80980980980981,-14.6777015754467,-49.8801251505727,-10.4421671436572,-50,2.52002234330624
1.81381381381381,-14.384441814595,-49.9096357615974,-10.7059148260116,-50,2.53294002461792
1.81781781781782,-14.092712693192,-49.9350091256209,-10.9722691159722,-50,2.54586840674279
1.82182182182182,-13.8025725177882,-49.9562303224703,-11.241186627436,-50,2.5588072623859
1.82582582582583,-13.5140794056128,-49.9732853955134,-11.5126232000815,-50,2.57175636406816
1.82982982982983,-13.2272912654104,-49.9861613593288,-11.7865339108612,-50,2.58471548413035
1.83383383383383,-12.9422657782939,-49.9948462070233,-12.0628730858327,-50,2.59768439473712
1.83783783783784,-12.659060378623,-49.9993289171887,-12.3415943123214,-50,2.61066286788098
1.84184184184184,-12.3777322349179,-49.9995994604967,-12.6226504514137,-50,2.62365067538633
1.84584584584585,-12.0983382308161,-49.9956488059243,-12.9059936507731,-50,2.63664758891345
1.84984984984985,-11.8209349460823,-49.9874689266088,-13.1915753577765,-50,2.64965337996254
1.85385385385385,-11.5455786376805,-49.9750528053251,-13.4793463329639,-50,2.66266781987772
1.85785785785786,-11.2723252209165,-49.9583944395843,-13.7692566637973,-50,2.67569067985105
1.86186186186186,-11.0012302506616,-49.9374888463483,-14.061255778723,-50,2.68872173092656
1.86586586586587,-10.732348902664,-49.9123320663572,-14.3552924615315,-50,2.70176074400426
1.86986986986987,-10.4657359549598,-49.8829211680675,-14.6513148660093,-50,2.71480748984419
1.87387387387387,-10.2014457693906,-49.8492542511962,-14.9492705308769,-50,2.72786173907045
1.87787787787788,-9.9395322732371,-49.8113304498694,-15.2491063950057,-50,2.7409232621752
1.88188188188188,-9.68004894097879,-49.7691499353726,-15.5507688129092,-50,2.75399182952273
1.88588588588589,-9.42304877618668,-49.7227139184998,-15.8542035704999,-50,2.76706721135348
1.88988988988989,-9.16858429355971,-49.6720246515,-16.1593559011071,-50,2.78014917778809
1.89389389389389,-8.91670750111266,-49.6170854296183,-16.4661705017476,-50,2.79323749883144
1.8978978978979,-8.66746988252452,-49.5579005922306,-16.7745915496421,-50,2.80633194437667
1.9019019019019,-8.42092237965616,-49.4944755235703,-17.0845627189714,-50,2.81943228420925
1.90590590590591,-8.17711537524565,-49.4268166530453,-17.3960271978636,-50,2.83253828801104
1.90990990990991,-7.93609867578991,-49.3549314551449,-17.7089277056056,-50,2.84564972536431
1.91391391391391,-7.69792149462115,-49.2788284489349,-18.0232065100713,-50,2.8587663657558
1.91791791791792,-7.4626324351863,-49.1985171971415,-18.3388054453584,-50,2.87188797858076
1.92192192192192,-7.23027947453777,-49.1140083048222,-18.6556659296266,-50,2.88501433314706
1.92592592592593,-7.00090994704374,-49.0253134176253,-18.9737289831275,-50,2.89814519867917
1.92992992992993,-6.77457052832597,-48.9324452196362,-19.2929352464208,-50,2.91128034432225
1.93393393393393,-6.55130721943299,-48.835417430812,-19.613224998766,-50,2.92441953914625
1.93793793793794,-6.33116533125663,-48.7342448040052,-19.9345381766824,-50,2.93756255214988
1.94194194194194,-6.1141894691996,-48.6289431215762,-20.2568143926688,-50,2.95070915226477
1.94594594594595,-5.90042351810129,-48.5195291915961,-20.579992954075,-50,2.96385910835944
1.94994994994995,-5.68991062743,-48.4060208436416,-20.9040128821141,-50,2.97701218924345
1.95395395395395,-5.482693196748,-48.2884369241824,-21.2288129310104,-50,2.99016816367139
1.95795795795796,-5.27881286145726,-48.1667972915639,-21.5543316072707,-50,3.003326800347
1.96196196196196,-5.07831047883257,-48.0411228105863,-21.8805071890724,-50,3.01648786792719
1.96596596596597,-4.88122611434892,-47.9114353466823,-22.2072777457577,-50,3.02965113502617
1.96996996996997,-4.68759902830977,-47.7777577596962,-22.5345811574263,-50,3.04281637021945
1.97397397397397,-4.49746766278307,-47.6401138972668,-22.8623551346169,-50,3.05598334204794
1.97797797797798,-4.31086962885094,-47.4985285878169,-23.1905372380674,-50,3.06915181902203
1.98198198198198,-4.12784169417959,-47.3530276331521,-23.5190648985463,-50,3.08232156962564
1.98598598598599,-3.94841977091534,-47.2036378006728,-23.8478754367445,-50,3.09549236232031
1.98998998998999,-3.77263890391272,-47.0503868152024,-24.1769060832192,-50,3.10866396554925
1.99399399399399,-3.60053325929993,-46.8933033504353,-24.5060939983801,-50,3.12183614774141
1.997997997998,-3.4321361133879,-46.7324170200091,-24.8353762925081,-50,3.13500867731558
2.002002002002,-3.26747984192746,-46.5677583682048,-25.1646900457979,-50,3.14818132268442
2.00600600600601,-3.10659590972018,-46.3993588602786,-25.4939723284152,-50,3.16135385225859
2.01001001001001,-2.9495148605877,-46.227250872432,-25.8231602205577,-50,3.17452603445075
2.01401401401401,-2.79626630770428,-46.0514676814214,-26.1521908325118,-50,3.18769763767969
2.01801801801802,-2.64687892429686,-45.8720434538162,-26.4810013246956,-50,3.20086843037436
2.02202202202202,-2.50138043471743,-45.6890132349068,-26.8095289276776,-50,3.21403818097797
2.02602602602603,-2.35979760589136,-45.5024129372707,-27.1377109621625,-50,3.22720665795206
2.03003003003003,-2.22215623914558,-45.3122793289999,-27.4654848589359,-50,3.24037362978055
2.03403403403403,-2.08848116242068,-45.1186500215971,-27.7927881787551,-50,3.25353886497383
2.03803803803804,-1.95879622287011,-44.9215634575452,-28.1195586321812,-50,3.26670213207281
2.04204204204204,-1.83312427984969,-44.7210588975573,-28.445734099339,-50,3.279863199653
2.04604604604605,-1.71148719830061,-44.5171764075121,-28.7712526495987,-50,3.29302183632861
2.05005005005005,-1.59390584252866,-44.3099568450823,-29.0960525611681,-50,3.30617781075655
2.05405405405405,-1.48040007038229,-44.0994418460621,-29.4200723405876,-50,3.31933089164056
2.05805805805806,-1.37098872783186,-43.8856738103995,-29.7432507421173,-50,3.33248084773523
2.06206206206206,-1.26568964395226,-43.6686958879426,-30.0655267870095,-50,3.34562744785012
2.06606606606607,-1.16451962631069,-43.4485519639043,-30.3868397826551,-50,3.35877046085375
2.07007007007007,-1.06749445676153,-43.2252866440543,-30.7071293415973,-50,3.37190965567775
2.07407407407407,-0.974628887649434,-42.9989452396451,-31.0263354004022,-50,3.38504480132084
2.07807807807808,-0.885936638422224,-42.7695737520789,-31.3443982383786,-50,3.39817566685294
2.08208208208208,-0.801430392654268,-42.5372188573248,-31.6612584961384,-50,3.41130202141924
2.08608608608609,-0.721121795481472,-42.3019278900912,-31.9768571939879,-50,3.4244236342442
2.09009009009009,-0.645021451447994,-42.063748827764,-32.2911357501439,-50,3.43754027463569
2.09409409409409,-0.573138922765448,-41.8227302741164,-32.6040359987641,-50,3.45065171198896
2.0980980980981,-0.505482727984352,-41.5789214427999,-32.9155002077846,-50,3.46375771579075
2.1021021021021,-0.442060341077882,-41.3323721406235,-33.2254710965573,-50,3.47685805562333
2.10610610610611,-0.38287819093743,-41.0831327506299,-33.5338918532776,-50,3.48995250116856
2.11011011011011,-0.327941661279468,-40.8312542149775,-33.8407061521959,-50,3.50304082221191
2.11411411411411,-0.27725509096288,-40.576788017635,-34.1458581706054,-50,3.51612278864652
2.11811811811812,-0.230821774715639,-40.3197861668998,-34.4492926055974,-50,3.52919817047727
2.12212212212212,-0.188643964269691,-40.0603011777453,-34.7509546905782,-50,3.5422667378248
2.12612612612613,-0.150722869902439,-39.7983860540099,-35.0507902115397,-50,3.55532826092955
2.13013013013013,-0.117058662383179,-39.5340942704321,-35.348745523077,-50,3.56838251015581
2.13413413413413,-0.0876504753225205,-39.2674797545444,-35.6447675641456,-50,3.58142925599574
2.13813813813814,-0.0624964079226603,-38.9985968684319,-35.9388038735519,-50,3.59446826907344
2.14214214214214,-0.041593528126177,-38.7275003903664,-36.2308026051711,-50,3.60749932014895
2.14614614614615,-0.0249378761606633,-38.4542454963239,-36.5207125428842,-50,3.62052218012228
2.15015015015015,-0.0125244684765297,-38.1788877413953,-36.8084831152302,-50,3.63353662003746
2.15415415415415,-0.00434730207490019,-37.9014830410981,-37.094064409766,-50,3.64654241108655
2.15815815815816,-0.00039935922242218,-37.6220876525995,-37.3774071871286,-50,3.65953932461367
2.16216216216216,-0.000672612549587615,-37.3407581558598,-37.6584628947938,-50,3.67252713211902
2.16616616616617,-0.00515803052892061,-37.0575514347034,-37.9371836805261,-50,3.68550560526288
2.17017017017017,-0.0138455833292861,-36.7725246578293,-38.2135224055148,-50,3.69847451586965
2.17417417417417,-0.0267242490422509,-36.4857352597678,-38.4874326571903,-50,3.71143363593184
2.17817817817818,-0.0437820202763589,-36.197240921794,-38.7588687617169,-50,3.7243827376141
2.18218218218218,-0.0650059111148932,-35.9070995528065,-39.0277857961557,-50,3.73732159325721
2.18618618618619,-0.090381964432612,-35.61536927018,-39.2941396002957,-50,3.75024997538208
2.19019019019019,-0.119895259566655,-35.322108380602,-39.557886788146,-50,3.76316765669376
2.19419419419419,-0.15352992033674,-35.027375360902,-39.8189847590867,-50,3.77607441008544
2.1981981981982,-0.191269123409549,-34.7312288388812,-40.0773917086742,-50,3.78897000864242
2.2022022022022,-0.233095107001993,-34.433727574154,-40.3330666390974,-50,3.80185422564612
2.20620620620621,-0.278989179917999,-34.1349304390075,-40.5859693692802,-50,3.81472683457806
2.21021021021021,-0.328931730913182,-33.8348963992902,-40.8360605446295,-50,3.82758760912385
2.21421421421421,-0.382902238381641,-33.5336844953368,-41.0833016464225,-50,3.84043632317715
2.21821821821822,-0.440879280359005,-33.2313538229397,-41.3276550008326,-50,3.85327275084366
2.22222222222222,-0.502840544835695,-32.927963514374,-41.5690837875912,-50,3.8660966664451
2.22622622622623,-0.568762840374151,-32.6235727194863,-41.8075520482819,-50,3.87890784452314
2.23023023023023,-0.638622107023784,-32.3182405868544,-42.0430246942654,-50,3.89170605984341
2.23423423423423,-0.712393427527075,-32.0120262450275,-42.2754675142333,-50,3.90449108739944
2.23823823823824,-0.790051038810335,-31.7049887838548,-42.504847181389,-50,3.91726270241661
2.24224224224224,-0.871568343752332,-31.3971872359107,-42.7311312602541,-50,3.93002068035609
2.24624624624625,-0.956917923224007,-31.0886805580245,-42.9542882130982,-50,3.94276479691883
2.25025025025025,-1.04607154839225,-30.7795276129241,-43.1742874059924,-50,3.95549482804948
2.25425425425425,-1.13900019328077,-30.4697871509996,-43.3910991144841,-50,3.96821054994029
2.25825825825826,-1.2356740475808,-30.1595177921964,-43.6046945288938,-50,3.98091173903513
2.26226226226226,-1.33606252970441,-29.8487780080447,-43.8150457592319,-50,3.99359817203334
2.26626626626627,-1.44013430007316,-29.5376261038336,-44.0221258397363,-50,4.0062696258937
2.27027027027027,-1.54785727463441,-29.2261202009363,-44.2259087330307,-50,4.01892587783834
2.27427427427427,-1.65919863859805,-28.9143182192953,-44.4263693339027,-50,4.03156670535664
2.27827827827828,-1.77412486038576,-28.6022778600738,-44.6234834727034,-50,4.0441918862092
2.28228228228228,-1.89260170578529,-28.2900565884807,-44.817227918368,-50,4.05680119843164
2.28628628628629,-2.01459425230204,-27.977711616776,-45.0075803810588,-50,4.06939442033863
2.29029029029029,-2.14006690369995,-27.6652998874644,-45.1945195144311,-50,4.0819713305277
2.29429429429429,-2.26898340472393,-27.3528780566825,-45.3780249175231,-50,4.09453170788314
2.2982982982983,-2.40130685599597,-27.0405024777867,-45.5580771362722,-50,4.10707533157994
2.3023023023023,-2.53699972907681,-26.7282291851496,-45.7346576646571,-50,4.11960198108762
2.30630630630631,-2.67602388168529,-26.416113878168,-45.9077489454703,-50,4.1321114361741
2.31031031031031,-2.81834057306732,-26.1042119054921,-46.0773343707203,-50,4.14460347690965
2.31431431431431,-2.96391047950621,-25.7925782494792,-46.2433982816667,-50,4.15707788367067
2.31831831831832,-3.11269370996662,-25.4812675108798,-46.4059259684916,-50,4.16953443714357
2.32232232232232,-3.26464982186348,-25.1703338937598,-46.5649036696075,-50,4.18197291832868
2.32632632632633,-3.41973783694841,-24.8598311906657,-46.720318570606,-50,4.19439310854402
2.33033033033033,-3.57791625730486,-24.5498127680371,-46.8721588028504,-50,4.20679478942922
2.33433433433433,-3.7391430814442,-24.2403315518727,-47.0204134417134,-50,4.2191777429493
2.33833833833834,-3.9033758204945,-23.9314400136532,-47.1650725044656,-50,4.23154175139854
2.34234234234234,-4.07057151447373,-23.6231901565283,-47.3061269478154,-50,4.24388659740429
2.34634634634635,-4.24068674863959,-23.3156335017691,-47.4435686651068,-50,4.25621206393079
2.35035035035035,-4.41367766990751,-23.0088210754934,-47.5773904831761,-50,4.268517934283
2.35435435435435,-4.58950000332873,-22.7028033956664,-47.7075861588735,-50,4.28080399211042
2.35835835835836,-4.76810906862075,-22.3976304593811,-47.8341503752515,-50,4.29307002141083
2.36236236236236,-4.94945979674168,-22.0933517304229,-47.9570787374269,-50,4.30531580653418
2.36636636636637,-5.13350674650073,-21.7900161271216,-48.0763677681181,-50,4.3175411321863
2.37037037037037,-5.32020412119678,-21.4876720104939,-48.1920149028637,-50,4.32974578343274
2.37437437437437,-5.50950578527737,-21.1863671726808,-48.3040184849269,-50,4.34192954570253
2.37837837837838,-5.70136528100957,-20.8861488256822,-48.4123777598894,-50,4.35409220479193
2.38238238238238,-5.89573584515583,-20.5870635903916,-48.5170928699413,-50,4.36623354686824
2.38638638638639,-6.09257042564634,-20.2891574859343,-48.6181648478704,-50,4.37835335847352
2.39039039039039,-6.2918216982406,-19.9924759193113,-48.715595610757,-50,4.39045142652837
2.39439439439439,-6.49344208317023,-19.6970636753512,-48.8093879533792,-50,4.40252753833566
2.3983983983984,-6.69738376175585,-19.4029649069725,-48.8995455413338,-50,4.41458148158427
2.4024024024024,-6.90359869299046,-19.1102231257575,-48.9860729038788,-50,4.42661304435284
2.40640640640641,-7.11203863008155,-18.8188811928419,-49.0689754265023,-50,4.43862201511347
2.41041041041041,-7.32265513694516,-18.5289813101189,-49.1482593432238,-50,4.45060818273545
2.41441441441441,-7.53539960464437,-18.2405650117607,-49.223931728635,-50,4.462571336489
2.41841841841842,-7.75022326776496,-17.9536731560591,-49.2960004896826,-50,4.47451126604891
2.42242242242242,-7.96707722072176,-17.6683459175854,-49.3644743572033,-50,4.48642776149831
2.42642642642643,-8.18591243398791,-17.3846227796707,-49.4293628772133,-50,4.49832061333231
2.43043043043043,-8.40667977024104,-17.1025425272077,-49.4906764019613,-50,4.5101896124617
2.43443443443443,-8.62933000041893,-16.8221432397741,-49.5484260807484,-50,4.52203455021663
2.43843843843844,-8.85381381967855,-16.5434622850785,-49.6026238505244,-50,4.53385521835028
2.44244244244244,-9.08008186325168,-16.2665363127285,-49.6532824262633,-50,4.54565140904251
2.44644644644645,-9.30808472219075,-15.9914012483209,-49.7004152911278,-50,4.55742291490352
2.45045045045045,-9.53777295899873,-15.7180922878544,-49.7440366864263,-50,4.5691695289775
2.45445445445445,-9.7690971231367,-15.4466438924649,-49.7841616013711,-50,4.58089104474625
2.45845845845846,-10.0020077664034,-15.1770897834806,-49.8208057626424,-50,4.59258725613285
2.46246246246246,-10.2364554581803,-14.9094629377994,-49.8539856237669,-50,4.60425795750524
2.46646646646647,-10.4723908005373,-14.6437955835853,-49.8837183543159,-50,4.61590294367986
2.47047047047047,-10.7097644431921,-14.3801191962841,-49.9100218289292,-50,4.62752200992525
2.47447447447447,-10.9485270983191,-14.1184644949569,-49.932914616174,-50,4.63911495196565
2.47847847847848,-11.1886295552015,-13.8588614389294,-49.9524159672429,-50,4.65068156598459
2.48248248248248,-11.4300226947218,-13.6013392247572,-49.9685458044983,-50,4.66222164862849
2.48648648648649,-11.6726575036852,-13.3459262835037,-49.9813247098713,-50,4.67373499701019
2.49049049049049,-11.9164850889714,-13.0926502783294,-49.9907739131203,-50,4.68522140871258
2.49449449449449,-12.1614566915097,-12.8415381023916,-49.9969152799568,-50,4.69668068179211
2.4984984984985,-12.4075237000724,-12.592615877051,-49.9997713000449,-50,4.70811261478234
2.5025025025025,-12.6546376648832,-12.3459089503838,-49.9993650748817,-50,4.71951700669754
2.50650650650651,-12.9027503110339,-12.1014418959967,-49.9957203055644,-50,4.73089365703613
2.51051051051051,-13.151813551708,-11.8592385121428,-49.9888612804523,-50,4.74224236578431
2.51451451451451,-13.4017795012046,-11.6193218211345,-49.9788128627288,-50,4.75356293341949
2.51851851851852,-13.65260048776,-11.3817140690524,-49.965600477872,-50,4.76485516091384
2.52252252252252,-13.9042290661631,-11.1464367257457,-49.949250101038,-50,4.77611884973777
2.52652652652653,-14.1566180301605,-10.9135104851221,-49.9297882443668,-50,4.78735380186345
2.53053053053053,-14.4097204246481,-10.6829552657238,-49.9072419442145,-50,4.79855981976826
2.53453453453453,-14.6634895576455,-10.4547902115859,-49.8816387483202,-50,4.80973670643827
2.53853853853854,-14.9178790120506,-10.2290336933747,-49.8530067029136,-50,4.82088426537173
2.54254254254254,-15.1728426571709,-10.0057033098015,-49.8213743397698,-50,4.83200230058248
2.54654654654655,-15.4283346600287,-9.78481588930912,-49.7867706632176,-50,4.84309061660344
2.55055055055055,-15.6843094964372,-9.56638749202688,-49.7492251371087,-50,4.85414901848999
2.55455455455455,-15.9407219618458,-9.3504334119903,-49.7087676717525,-50,4.86517731182348
2.55855855855856,-16.1975271819505,-9.13696817962213,-49.6654286108248,-50,4.87617530271457
2.56256256256256,-16.4546806230692,-8.92600556447004,-49.6192387182548,-50,4.88714279780668
2.56656656656657,-16.712138102278,-8.71755857819747,-49.5702291650984,-50,4.89807960427937
2.57057057057057,-16.9698557973076,-8.51163947782291,-49.518431516402,-50,4.90898552985175
2.57457457457457,-17.2277902561969,-8.3082597692042,-49.463877718065,-50,4.91986038278585
2.57857857857858,-17.4858984067035,-8.10743021076255,-49.4066000837055,-50,4.93070397188997
2.58258258258258,-17.7441375654682,-7.90916081744246,-49.3466312815353,-50,4.9415161065221
2.58658658658659,-18.0024654469334,-7.71346086490319,-49.284004321251,-50,4.95229659659319
2.59059059059059,-18.2608401720124,-7.52033889393668,-49.2187525409458,-50,4.96304525257057
2.59459459459459,-18.5192202765109,-7.32980271510787,-49.1509095940488,-50,4.97376188548124
2.5985985985986,-18.7775647192966,-7.14185941361266,-49.0805094362963,-50,4.98444630691519
2.6026026026026,-19.03583289022,-6.95651535434823,-49.0075863127421,-50,4.99509832902872
2.60660660660661,-19.2939846177817,-6.77377618719177,-48.9321747448103,-50,5.00571776454776
2.61061061061061,-19.5519801765484,-6.59364685248234,-48.8543095173982,-50,5.01630442677114
2.61461461461461,-19.8097802943165,-6.41613158670091,-48.7740256660324,-50,5.02685812957388
2.61861861861862,-20.0673461590222,-6.24123392834401,-48.6913584640852,-50,5.03737868741046
2.62262262262262,-20.3246394253994,-6.06895672398571,-48.606343410055,-50,5.0478659153181
2.62662662662663,-20.581622221384,-5.89930213452309,-48.5190162149161,-50,5.05831962891997
2.63063063063063,-20.8382571542653,-5.73227164160034,-48.4294127895434,-50,5.06873964442847
2.63463463463463,-21.0945073165859,-5.56786605420605,-48.3375692322156,-50,5.07912577864846
2.63863863863864,-21.3503362917883,-5.40608551543889,-48.2435218162027,-50,5.08947784898046
2.64264264264264,-21.6057081596098,-5.24692950943668,-48.1473069774416,-50,5.09979567342386
2.64664664664665,-21.8605875012277,-5.09039686846346,-48.048961302305,-50,5.11007907058015
2.65065065065065,-22.1149394041527,-4.93648578014959,-47.9485215154669,-50,5.12032785965607
2.65465465465465,-22.3687294668735,-4.78519379487982,-47.8460244678704,-50,5.13054186046682
2.65865865865866,-22.6219238032537,-4.63651783332386,-47.7415071248001,-50,5.14072089343922
2.66266266266266,-22.8744890466807,-4.49045419410479,-47.6350065540653,-50,5.15086477961483
2.66666666666667,-23.1263923539682,-4.34699856159972,-47.5265599142961,-50,5.16097334065318
2.67067067067067,-23.3776014090154,-4.2061460138678,-47.4162044433569,-50,5.17104639883482
2.67467467467467,-23.6280844262213,-4.06789103070035,-47.3039774468818,-50,5.18108377706447
2.67867867867868,-23.8778101536588,-3.9322275017879,-47.1899162869331,-50,5.19108529887418
2.68268268268268,-24.1267478760076,-3.7991487349992,-47.0740583707901,-50,5.20105078842635
2.68668668668669,-24.3748674172497,-3.66864746476693,-46.9564411398674,-50,5.2109800705169
2.69069069069069,-24.6221391431278,-3.54071586057504,-46.8371020587696,-50,5.22087297057832
2.69469469469469,-24.8685339633694,-3.4153455355428,-46.7160786044825,-50,5.23072931468269
2.6986986986987,-25.1140233336788,-3.29252755510015,-46.5934082557066,-50,5.24054892954483
2.7027027027027,-25.3585792574985,-3.17225244574972,-46.4691284823331,-50,5.25033164252528
2.70670670670671,-25.6021742875425,-3.05451020391027,-46.3432767350676,-50,5.26007728163337
2.71071071071071,-25.8447815271038,-2.93929030483677,-46.2158904352024,-50,5.2697856755302
2.71471471471471,-26.0863746311385,-2.8265817116119,-46.0870069645405,-50,5.2794566535317
2.71871871871872,-26.3269278071292,-2.71637288420435,-45.9566636554748,-50,5.28909004561163
2.72272272272272,-26.5664158157297,-2.60865178858893,-45.8248977812225,-50,5.29868568240451
2.72672672672673,-26.804813971194,-2.5034059059236,-45.6917465462193,-50,5.30824339520866
2.73073073073073,-27.0420981415923,-2.40062224177895,-45.5572470766744,-50,5.31776301598916
2.73473473473473,-27.2782447488165,-2.30028733541491,-45.4214364112875,-50,5.32724437738077
2.73873873873874,-27.5132307683785,-2.20238726910043,-45.2843514921319,-50,5.33668731269089
2.74274274274274,-27.7470337290034,-2.10690767747125,-45.1460291557023,-50,5.34609165590249
2.74674674674675,-27.9796317120215,-2.01383375692132,-45.0065061241325,-50,5.35545724167706
2.75075075075075,-28.2110033505609,-1.92315027502324,-44.8658189965815,-50,5.36478390535745
2.75475475475475,-28.4411278285456,-1.83484157997323,-44.724004240791,-50,5.37407148297082
2.75875875875876,-28.6699848795001,-1.74889161005633,-44.5810981848157,-50,5.38331981123151
2.76276276276276,-28.8975547851649,-1.66528390312741,-44.4371370089261,-50,5.39252872754389
2.76676676676677,-29.123818373926,-1.58400160610358,-44.2921567376875,-50,5.40169807000526
2.77077077077077,-29.3487570190616,-1.50502748446391,-44.1461932322128,-50,5.41082767740865
2.77477477477477,-29.5723526368088,-1.4283439317523,-43.9992821825934,-50,5.41991738924567
2.77877877877878,-29.7945876842544,-1.35393297907921,-43.8514591005068,-50,5.42896704570936
2.78278278278278,-30.0154451570524,-1.28177630461847,-43.7027593120016,-50,5.43797648769697
2.78678678678679,-30.2349085869725,-1.21185524309491,-43.5532179504621,-50,5.44694555681274
2.79079079079079,-30.4529620392822,-1.14415079525919,-43.4028699497511,-50,5.45587409537075
2.79479479479479,-30.6695901099663,-1.07864363734575,-43.2517500375324,-50,5.46476194639761
2.7987987987988,-30.8847779227872,-1.01531413051033,-43.0998927287731,-50,5.4736089536353
2.8028028028028,-31.0985111261898,-0.954142330243227,-42.9473323194253,-50,5.48241496154384
2.80680680680681,-31.3107758900544,-0.895107995754721,-42.7941028802879,-50,5.49117981530409
2.81081081081081,-31.5215589023005,-0.83819059932918,-42.6402382510488,-50,5.49990336082043
2.81481481481481,-31.7308473653462,-0.783369335644293,-42.4857720345059,-50,5.5085854447235
2.81881881881882,-31.9386289924258,-0.730623131052152,-42.3307375909685,-50,5.51722591437285
2.82282282282282,-32.1448920037703,-0.679930652818767,-42.175168032838,-50,5.52582461785969
2.82682682682683,-32.3496251226527,-0.631270318318838,-42.0190962193668,-50,5.5343814040095
2.83083083083083,-32.5528175713031,-0.58462030418272,-41.8625547515967,-50,5.54289612238471
2.83483483483483,-32.7544590666973,-0.5399585553923,-41.7055759674745,-50,5.55136862328737
2.83883883883884,-32.9545398162216,-0.497262794323,-41.5481919371451,-50,5.55979875776174
2.84284284284284,-33.1530505132173,-0.456510529728904,-41.3904344584216,-50,5.56818637759693
2.84684684684685,-33.3499823324104,-0.417679065668183,-41.232335052431,-50,5.57653133532951
2.85085085085085,-33.5453269252272,-0.38074551036604,-41.0739249594344,-50,5.58483348424609
2.85485485485485,-33.7390764150022,-0.345686785012661,-40.9152351348222,-50,5.5930926783859
2.85885885885886,-33.9312233920799,-0.312479632493318,-40.7562962452818,-50,5.60130877254338
2.86286286286286,-34.1217609088153,-0.281100626048381,-40.5971386651369,-50,5.60948162227069
2.86686686686687,-34.3106824744755,-0.251526177860695,-40.4377924728589,-50,5.6176110838803
2.87087087087087,-34.4979820500478,-0.223732547567942,-40.2782874477461,-50,5.62569701444747
2.87487487487487,-34.6836540429551,-0.197695850697874,-40.118653066773,-50,5.63373927181278
2.87887887887888,-34.8676933016854,-0.173392067024028,-39.9589185016056,-50,5.64173771458466
2.88288288288288,-35.0500951103362,-0.150797048840076,-39.7991126157821,-50,5.64969220214182
2.88688688688689,-35.2308551830783,-0.12988652915058,-39.6392639620585,-50,5.65760259463576
2.89089089089089,-35.4099696585427,-0.110636129776348,-39.4794007799164,-50,5.66546875299322
2.89489489489489,-35.5874350941338,-0.0930213693724952,-39.3195509932316,-50,5.67329053891863
2.8988988988989,-35.7632484602725,-0.0770176713574211,-39.1597422081023,-50,5.68106781489651
2.9029029029029,-35.9374071345717,-0.0626003717510565,-39.0000017108347,-50,5.68880044419395
2.90690690690691,-36.1099088959488,-0.0497447269207446,-38.8403564660854,-50,5.69648829086295
2.91091091091091,-36.2807519186779,-0.0384259212331872,-38.6808331151568,-50,5.70413121974285
2.91491491491491,-36.4499347663849,-0.0286190746111026,-38.5214579744451,-50,5.71172909646268
2.91891891891892,-36.6174563859888,-0.0202992499930832,-38.3622570340399,-50,5.71928178744355
2.92292292292292,-36.7833161015927,-0.0134414606954847,-38.2032559564704,-50,5.72678915990098
2.92692692692693,-36.9475136083276,-0.00802067767502468,-38.0444800755994,-50,5.73425108184723
2.93093093093093,-37.1100489661518,-0.00401183669102301,-37.8859543956619,-50,5.74166742209365
2.93493493493493,-37.2709225936094,-0.00138984536615372,-37.7277035904452,-50,5.74903805025294
2.93893893893894,-37.430135261551,-0.000129590144751224,-37.5697520026106,-50,5.75636283674148
2.94294294294294,-37.5876880868192,-0.00020594314773803,-37.4121236431523,-50,5.7636416527816
2.94694694694695,-37.7435825259023,-0.00159376892332475,-37.2548421909934,-50,5.77087437040384
2.95095095095095,-37.8978203685593,-0.00426793109271073,-37.0979309927151,-50,5.77806086244919
2.95495495495495,-38.0504037314182,-0.0082032988900832,-36.941413062418,-50,5.78520100257135
2.95895895895896,-38.2013350515519,-0.0133747535962708,-36.7853110817132,-50,5.79229466523892
2.96296296296296,-38.3506170800335,-0.0197571948655051,-36.6296473998398,-50,5.79934172573764
2.96696696696697,-38.4982528754732,-0.0273255469447869,-36.4744440339086,-50,5.80634206017256
2.97097097097097,-38.6442457975416,-0.0360547647854176,-36.3197226692672,-50,5.81329554547022
2.97497497497497,-38.7885995004803,-0.0459198400463712,-36.1655046599864,-50,5.82020205938082
2.97897897897898,-38.9313179266028,-0.0568958069891573,-36.0118110294639,-50,5.82706148048038
2.98298298298298,-39.0724052997885,-0.0689577482640119,-35.8586624711446,-50,5.83387368817285
2.98698698698699,-39.2118661189727,-0.0820808005871865,-35.7060793493527,-50,5.84063856269225
2.99099099099099,-39.3497051516343,-0.0962401603092577,-35.5540817002361,-50,5.84735598510475
2.99499499499499,-39.4859274272846,-0.111411088874458,-35.4026892328184,-50,5.85402583731081
2.998998998999,-39.6205382309581,-0.127568918170934,-35.2519213301571,-50,5.8606480020472
3.003003003003,-39.7535430967098,-0.144689055772143,-35.1017970506055,-50,5.8672223628891
3.00700700700701,-39.8849478011193,-0.162746990069412,-34.9523351291761,-50,5.87374880425213
3.01101101101101,-40.0147583568051,-0.18171829529591,-34.8035539790017,-50,5.88022721139439
3.01501501501502,-40.1429810059508,-0.201578636442287,-34.655471692894,-50,5.88665747041848
3.01901901901902,-40.2696222138457,-0.222303774064203,-34.5081060449954,-50,5.89303946827347
3.02302302302302,-40.394688662442,-0.243869568982211,-34.3614744925219,-50,5.89937309275694
3.02702702702703,-40.5181872439292,-0.266251986874319,-34.2155941775957,-50,5.90565823251692
3.03103103103103,-40.6401250543305,-0.289427102761705,-34.0704819291637,-50,5.91189477705384
3.03503503503504,-40.7605093871205,-0.313371105388127,-33.926154265,-50,5.9180826167225
3.03903903903904,-40.8793477268672,-0.338060301493523,-33.7826273937902,-50,5.924221642734
3.04304304304304,-40.9966477429005,-0.36347111998245,-33.6399172172948,-50,5.93031174715759
3.04704704704705,-41.1124172830081,-0.389580115987989,-33.498039332589,-50,5.93635282292266
3.05105105105105,-41.2266643671616,-0.416363974831815,-33.3570090343768,-50,5.94234476382057
3.05505505505506,-41.339397181273,-0.443799515881124,-33.2168413173771,-50,5.94828746450649
3.05905905905906,-41.4506240709852,-0.471863696303296,-33.077550878779,-50,5.95418082050132
3.06306306306306,-41.5603535354964,-0.500533614718965,-32.9391521207642,-50,5.96002472819349
3.06706706706707,-41.668594221421,-0.529786514754524,-32.8016591530933,-50,5.96581908484078
3.07107107107107,-41.7753549166878,-0.559599788494733,-32.6650857957554,-50,5.97156378857212
3.07507507507508,-41.8806445444773,-0.589950979836665,-32.5294455816762,-50,5.9772587383894
3.07907907907908,-41.9844721572,-0.620817787745626,-32.3947517594845,-50,5.98290383416924
3.08308308308308,-42.0868469305154,-0.652178069414305,-32.2610172963334,-50,5.98849897666476
3.08708708708709,-42.1877781573958,-0.684009843326069,-32.1282548807736,-50,5.99404406750728
3.09109109109109,-42.2872752422327,-0.716291292223467,-31.9964769256782,-50,5.99953900920812
3.0950950950951,-42.3853476949902,-0.749000765983104,-31.8656955712148,-50,6.00498370516024
3.0990990990991,-42.4820051254042,-0.782116784397952,-31.7359226878632,-50,6.01037805964001
3.1031031031031,-42.5772572372303,-0.815618039868277,-31.6071698794773,-50,6.01572197780883
3.10710710710711,-42.6711138225402,-0.849483400002313,-31.4794484863878,-50,6.02101536571483
3.11111111111111,-42.7635847560682,-0.883691910128054,-31.3527695885437,-50,6.02625813029453
3.11511511511512,-42.8546799896084,-0.918222795717127,-31.2271440086911,-50,6.03145017937446
3.11911911911912,-42.9444095464648,-0.953055464722241,-31.1025823155864,-50,6.03659142167277
3.12312312312312,-43.0327835159529,-0.988169509829423,-30.9790948272414,-50,6.04168176680086
3.12712712712713,-43.1198120479559,-1.02354471062619,-30.8566916141993,-50,6.04672112526494
3.13113113113113,-43.2055053475354,-1.05916103568721,-30.7353825028389,-50,6.05170940846766
3.13513513513514,-43.2898736695968,-1.09499864457868,-30.6151770787039,-50,6.05664652870958
3.13913913913914,-43.3729273136111,-1.13103788978268,-30.4960846898571,-50,6.06153239919079
3.14314314314314,-43.4546766183936,-1.16725931854302,-30.3781144502562,-50,6.0663669340124
3.14714714714715,-43.5351319569395,-1.20364367463393,-30.2612752431488,-50,6.07115004817806
3.15115115115115,-43.6143037313177,-1.24017190005297,-30.145575724486,-50,6.07588165759544
3.15515515515516,-43.6922023676234,-1.27682513663949,-30.0310243263516,-50,6.08056167907773
3.15915915915916,-43.7688383109891,-1.31358472762031,-29.9176292604048,-50,6.08519003034509
3.16316316316316,-43.8442220206562,-1.35043221908372,-29.805398521335,-50,6.08976663002608
3.16716716716717,-43.9183639651058,-1.38734936138355,-29.694339890327,-50,6.09429139765914
3.17117117117117,-43.9912746172502,-1.42431811047459,-29.5844609385334,-50,6.09876425369396
3.17517517517518,-44.062964449686,-1.46132062918093,-29.4757690305542,-50,6.10318511949288
3.17917917917918,-44.1334439300069,-1.49833928839845,-29.3682713279202,-50,6.1075539173323
3.18318318318318,-44.2027235161804,-1.5353566682334,-29.261974792579,-50,6.11187057040402
3.18718718718719,-44.2708136519841,-1.57235555907801,-29.1568861903821,-50,6.11613500281661
3.19119119119119,-44.3377247625055,-1.609318962625,-29.0530120945709,-50,6.12034713959674
3.1951951951952,-44.4034672497042,-1.64623009282237,-28.95035888926,-50,6.12450690669048
3.1991991991992,-44.468051488036,-1.68307237676983,-28.8489327729159,-50,6.12861423096462
3.2032032032032,-44.5314878201406,-1.71982945555854,-28.7487397618305,-50,6.13266904020796
3.20720720720721,-44.5937865525918,-1.75648518505566,-28.6497856935853,-50,6.13667126313257
3.21121121121121,-44.654957951711,-1.79302363663491,-28.5520762305083,-50,6.14062082937503
3.21521521521522,-44.7150122394439,-1.82942909785508,-28.4556168631182,-50,6.14451766949769
3.21921921921922,-44.7739595893002,-1.86568607308756,-28.360412913557,-50,6.14836171498989
3.22322322322322,-44.8318101223571,-1.9017792840947,-28.2664695390085,-50,6.15215289826914
3.22722722722723,-44.8885739033259,-1.93769367056013,-28.1737917351016,-50,6.15589115268235
3.23123123123123,-44.9442609366819,-1.97341439057297,-28.0823843392952,-50,6.15957641250695
3.23523523523524,-44.998881162858,-2.00892682106699,-27.9922520342467,-50,6.16320861295209
3.23923923923924,-45.0524444545009,-2.0442165582163,-27.9033993511589,-50,6.16678769015975
3.24324324324324,-45.1049606127916,-2.07926941778929,-27.8158306731063,-50,6.17031358120588
3.24724724724725,-45.1564393638281,-2.11407143546177,-27.7295502383388,-50,6.17378622410151
3.25125125125125,-45.206890355072,-2.14860886709121,-27.6445621435615,-50,6.1772055577938
3.25525525525526,-45.2563231518573,-2.18286818895335,-27.5608703471883,-50,6.18057152216718
3.25925925925926,-45.3047472339627,-2.21683609794244,-27.4784786725702,-50,6.18388405804435
3.26326326326326,-45.3521719922463,-2.25049951173674,-27.3973908111947,-50,6.18714310718734
3.26726726726727,-45.3986067253429,-2.2838455689307,-27.3176103258563,-50,6.19034861229854
3.27127127127127,-45.4440606364234,-2.31686162913493,-27.2391406537971,-50,6.1935005170217
3.27527527527528,-45.4885428300171,-2.34953527304564,-27.1619851098152,-50,6.19659876594293
3.27927927927928,-45.5320623088951,-2.38185430248484,-27.0861468893411,-50,6.19964330459165
3.28328328328328,-45.5746279710157,-2.41380674041242,-27.0116290714798,-50,6.20263407944159
3.28728728728729,-45.6162486065319,-2.44538083091179,-26.9384346220182,-50,6.20557103791168
3.29129129129129,-45.6569328948595,-2.47656503915022,-26.8665663963964,-50,6.20845412836701
3.2952952952953,-45.6966894018063,-2.50734805131513,-26.7960271426419,-50,6.21128330011974
3.2992992992993,-45.7355265767624,-2.53771877452779,-26.7268195042662,-50,6.21405850342996
3.3033033033033,-45.773452749951,-2.56766633673551,-26.6589460231213,-50,6.2167796895066
3.30730730730731,-45.8104761297387,-2.59718008658374,-26.5924091422173,-50,6.21944681050826
3.31131131131131,-45.846604800007,-2.62624959326934,-26.5272112084982,-50,6.22205981954406
3.31531531531532,-45.8818467175823,-2.65486464637592,-26.4633544755756,-50,6.22461867067448
3.31931931931932,-45.9162097097259,-2.68301525569296,-26.4008411064205,-50,6.22712331891215
3.32332332332332,-45.9497014716827,-2.71069165101945,-26.3396731760102,-50,6.22957372022263
3.32732732732733,-45.9823295642889,-2.73788428195345,-26.2798526739315,-50,6.23196983152523
3.33133133133133,-46.0141014116385,-2.76458381766876,-26.2213815069375,-50,6.23431161069372
3.33533533533534,-46.0450242988067,-2.79078114667949,-26.1642615014592,-50,6.23659901655707
3.33933933933934,-46.0751053696326,-2.81646737659413,-26.1084944060692,-50,6.23883200890022
3.34334334334334,-46.1043516245583,-2.84163383385989,-26.054081893898,-50,6.24101054846475
3.34734734734735,-46.1327699185259,-2.8662720634982,-26.0010255650016,-50,6.24313459694958
3.35135135135135,-46.1603669589308,-2.89037382883313,-25.9493269486796,-50,6.24520411701163
3.35535535535536,-46.187149303632,-2.91393111121272,-25.8989875057437,-50,6.2472190722665
3.35935935935936,-46.2131233590183,-2.93693610972526,-25.8500086307353,-50,6.2491794272891
3.36336336336336,-46.2382953781306,-2.95938124091069,-25.8023916540914,-50,6.25108514761426
3.36736736736737,-46.2626714588398,-2.98125913846854,-25.7561378442595,-50,6.25293619973736
3.37137137137137,-46.2862575420795,-3.00256265296321,-25.7112484097585,-50,6.2547325511149
3.37537537537538,-46.3090594101345,-3.02328485152738,-25.6677245011878,-50,6.25647417016508
3.37937937937938,-46.3310826849835,-3.04341901756474,-25.6255672131815,-50,6.25816102626834
3.38338338338338,-46.3523328266957,-3.06295865045244,-25.5847775863091,-50,6.25979308976794
3.38738738738739,-46.3728151318824,-3.08189746524465,-25.5453566089208,-50,6.26137033197043
3.39139139139139,-46.3925347322016,-3.10022939237763,-25.5073052189372,-50,6.26289272514619
3.3953953953954,-46.4114965929165,-3.11794857737711,-25.4706243055841,-50,6.26436024252989
3.3993993993994,-46.4297055115068,-3.13504938056911,-25.43531471107,-50,6.265772858321
3.4034034034034,-46.4471661163333,-3.15152637679453,-25.401377232207,-50,6.2671305476842
3.40740740740741,-46.4638828653545,-3.16737435512846,-25.3688126219744,-50,6.26843328674983
3.41141141141141,-46.4798600448967,-3.18258831860472,-25.337621591025,-50,6.26968105261434
3.41541541541542,-46.4951017684749,-3.19716348394661,-25.3078048091328,-50,6.27087382334066
3.41941941941942,-46.5096119756662,-3.21109528130411,-25.2793629065823,-50,6.27201157795858
3.42342342342342,-46.523394431035,-3.22437935399843,-25.2522964754992,-50,6.27309429646514
3.42742742742743,-46.5364527231091,-3.23701155827436,-25.2266060711218,-50,6.27412195982498
3.43143143143143,-46.548790263407,-3.24898796306105,-25.2022922130124,-50,6.27509454997068
3.43543543543544,-46.5604102855167,-3.26030484974173,-25.1793553862097,-50,6.27601204980303
3.43943943943944,-46.5713158442245,-3.27095871193287,-25.15779604232,-50,6.2768744431914
3.44344344344344,-46.5815098146943,-3.2809462552732,-25.1376146005493,-50,6.27768171497399
3.44744744744745,-46.5909948916984,-3.29026439722325,-25.118811448673,-50,6.27843385095807
3.45145145145145,-46.5997735888965,-3.29891026687555,-25.1013869439462,-50,6.2791308379203
3.45545545545546,-46.6078482381669,-3.30688120477612,-25.0853414139519,-50,6.27977266360687
3.45945945945946,-46.6152209889852,-3.31417476275756,-25.0706751573883,-50,6.2803593167338
3.46346346346346,-46.6218938078549,-3.32078870378396,-25.0573884447937,-50,6.28089078698709
3.46746746746747,-46.6278684777858,-3.32672100180824,-25.0454815192108,-50,6.28136706502293
3.47147147147147,-46.6331465978229,-3.33196984164182,-25.0349545967881,-50,6.28178814246782
3.47547547547548,-46.637729582624,-3.33653361883724,-25.0258078673194,-50,6.28215401191877
3.47947947947948,-46.641618662087,-3.34041093958382,-25.0180414947214,-50,6.2824646669434
3.48348348348348,-46.6448148810254,-3.34360062061648,-25.0116556174486,-50,6.28272010208006
3.48748748748749,-46.6473190988943,-3.3461016891381,-25.0066503488459,-50,6.28292031283792
3.49149149149149,-46.6491319895638,-3.34791338275539,-25.0030257774384,-50,6.28306529569707
3.4954954954955,-46.6502540411422,-3.34903514942857,-25.000781967159,-50,6.28315504810853
3.4994994994995,-46.6506855558482,-3.34946664743476,-24.999918957513,-50,6.28318956849438
3.5035035035035,-46.6450396881707,-3.3490662865229,-24.996879682735,-49.9939430034765,6.28319
3.50750750750751,-46.6247450433281,-3.34760915171728,-24.9860038683134,-49.9721912947349,6.28319
3.51151151151151,-46.589704522879,-3.34509327807921,-24.9672258014591,-49.9346350230744,6.28319
3.51551551551552,-46.5399403034959,-3.34152025787116,-24.9405573665571,-49.8812979573525,6.28319
3.51951951951952,-46.4754838802819,-3.33689235240942,-24.9060154417001,-49.8122138538784,6.28319
3.52352352352352,-46.3963760468374,-3.33121249063291,-24.8636218880062,-49.727426435049,6.28319
3.52752752752753,-46.3026668694429,-3.3244842672495,-24.8134035357836,-49.6269893616778,6.28319
3.53153153153153,-46.1944156553722,-3.316711940461,-24.7553921675497,-49.5109661990332,6.28319
3.53553553553554,-46.0716909153582,-3.30790042926815,-24.6896244979168,-49.3794303766093,6.28319
3.53953953953954,-45.9345703202328,-3.29805531035749,-24.6161421503556,-49.2324651416534,6.28319
3.54354354354354,-45.7831406517706,-3.28718281457195,-24.5349916308523,-49.0701635064796,6.28319
3.54754754754755,-45.6174977477654,-3.27528982296739,-24.4462242984758,-48.8926281896029,6.28319
3.55155155155155,-45.4377464413762,-3.26238386245774,-24.3498963328729,-48.6999715507299,6.28319
3.55555555555556,-45.2440004947794,-3.24847310105127,-24.2460686987134,-48.4923155196477,6.28319
3.55955955955956,-45.0363825271703,-3.23356634268115,-24.134807107106,-48.2697915190565,6.28319
3.56356356356356,-44.8150239371593,-3.21767302163364,-24.0161819740107,-48.0325403813938,6.28319
3.56756756756757,-44.5800648196112,-3.20080319657717,-23.8902683756736,-47.7807122597034,6.28319
3.57157157157157,-44.3316538769811,-3.18296754419639,-23.7571460011123,-47.5144665326055,6.28319
3.57557557557558,-44.0699483252028,-3.16417735243504,-23.6168991016812,-47.2339717034283,6.28319
3.57957957957958,-43.7951137941888,-3.14444451335194,-23.4696164377507,-46.9394052935644,6.28319
3.58358358358358,-43.5073242230055,-3.1237815155947,-23.3153912225315,-46.6309537301202,6.28319
3.58758758758759,-43.2067617497892,-3.10220143649579,-23.1543210630813,-46.3088122279281,6.28319
3.59159159159159,-42.8936165964738,-3.07971793379609,-22.9865078985308,-45.9731846659982,6.28319
3.5955955955956,-42.5680869484016,-3.05634523700109,-22.8120579355675,-45.6242834584858,6.28319
3.5995995995996,-42.2303788288942,-3.03209813837521,-22.6310815812189,-45.2623294202573,6.28319
3.6036036036036,-41.880705968864,-3.00699198358001,-22.443693372978,-44.8875516271397,6.28319
3.60760760760761,-41.5192896715458,-2.98104266196211,-22.2500119063132,-44.5001872709415,6.28319
3.61161161161161,-41.1463586724377,-2.95426659649702,-22.0501597596115,-44.1004815093367,6.28319
3.61561561561562,-40.7621489945369,-2.92668073339527,-21.8442634165998,-43.6886873107089,6.28319
3.61961961961962,-40.3669037989644,-2.89830253137741,-21.6324531862955,-43.2650652940497,6.28319
3.62362362362362,-39.9608732310715,-2.86914995062459,-21.4148631205354,-42.8298835640177,6.28319
3.62762762762763,-39.544314262126,-2.83924144141181,-21.1916309291362,-42.3834175412579,6.28319
3.63163163163163,-39.1174905266786,-2.80859593243099,-20.9628978927396,-41.9259497880919,6.28319
3.63563563563564,-38.6806721557123,-2.77723281881125,-20.7288087733981,-41.4577698296879,6.28319
3.63963963963964,-38.2341356056802,-2.74517194984404,-20.4895117229568,-40.9791739708246,6.28319
3.64364364364364,-37.7781634835396,-2.71243361642072,-20.2451581892901,-40.4904651083632,6.28319
3.64764764764765,-37.3130443678941,-2.67903853819077,-19.9959028204522,-39.9919525395486,6.28319
3.65165165165165,-36.8390726263561,-2.6450078504486,-19.741903366803,-39.4839517662592,6.28319
3.65565565565566,-36.3565482292455,-2.6103630907573,-19.4833205811694,-38.9667842953298,6.28319
3.65965965965966,-35.8657765597426,-2.57512618531782,-19.2203181171074,-38.4407774350747,6.28319
3.66366366366366,-35.3670682206149,-2.53931943509216,-18.9530624253278,-37.9062640881382,6.28319
3.66766766766767,-34.8607388376412,-2.50296550168939,-18.6817226483517,-37.3635825408055,6.28319
3.67167167167167,-34.347108859856,-2.46608739302344,-18.4064705134629,-36.8130762489053,6.28319
3.67567567567568,-33.8265033567417,-2.42870844875168,-18.1274802240234,-36.2550936204418,6.28319
3.67967967967968,-33.2992518124969,-2.39085232550359,-17.8449283492232,-35.6899877950917,6.28319
3.68368368368368,-32.7656879175095,-2.35254298190877,-17.5589937123312,-35.1181164207068,6.28319
3.68768768768769,-32.2261493571694,-2.31380466343388,-17.269857277521,-34.5398414269637,6.28319
3.69169169169169,-31.6809775981512,-2.27466188703797,-16.9777020353408,-33.9555287963032,6.28319
3.6956956956957,-31.1305176723052,-2.23513942565608,-16.6827128869013,-33.365548332305,6.28319
3.6996996996997,-30.5751179582912,-2.19526229252073,-16.3850765268543,-32.7702734256443,6.28319
3.7037037037037,-30.0151299610941,-2.15505572533142,-16.0849813252361,-32.1700808177773,6.28319
3.70770770770771,-29.4509080895614,-2.11454517028202,-15.7826172082505,-31.5653503625071,6.28319
3.71171171171171,-28.8828094321024,-2.0737562659562,-15.4781755380674,-30.9564647855792,6.28319
3.71571571571572,-28.311193530692,-2.03271482710114,-15.1718489917118,-30.3438094424594,6.28319
3.71971971971972,-27.7364221533214,-1.99144682828972,-14.8638314391219,-29.7277720744479,6.28319
3.72372372372372,-27.1588590650401,-1.94997838748156,-14.5543178204505,-29.1087425632827,6.28319
3.72772772772773,-26.5788697977333,-1.90833574949331,-14.2435040226905,-28.4871126843886,6.28319
3.73173173173173,-25.9968214187825,-1.86654526938865,-13.9315867557007,-27.8632758589285,6.28319
3.73573573573574,-25.4130822987532,-1.82463339579858,-13.6187634277107,-27.2376269048116,6.28319
3.73973973973974,-24.828021878258,-1.78262665418236,-13.3052320203839,-26.6105617868192,6.28319
3.74374374374374,-24.2420104341428,-1.74055163003996,-12.9911909635174,-25.9824773660033,6.28319
3.74774774774775,-23.6554188451435,-1.69843495208645,-12.6768390094587,-25.3537711485191,6.28319
3.75175175175175,-23.0686183571618,-1.65630327539901,-12.3623751073181,-24.7248410340484,6.28319
3.75575575575576,-22.4819803483088,-1.61418326454733,-12.0479982770559,-24.0960850639745,6.28319
3.75975975975976,-21.8958760938648,-1.57210157671797,-11.7339074835264,-23.4679011694671,6.28319
3.76376376376376,-21.3106765313041,-1.53008484484332,-11.4203015105545,-22.8406869196368,6.28319
3.76776776776777,-20.7267520255336,-1.48815966074607,-11.1073788351292,-22.2148392699193,6.28319
3.77177177177177,-20.1444721344942,-1.44635255830952,-10.7953375017893,-21.5907543108475,6.28319
3.77577577577578,-19.5642053752721,-1.4046899966847,-10.4843749972844,-20.9688270173712,6.28319
3.77977977977978,-18.9863189908698,-1.36319834354471,-10.1746881255877,-20.3494509988827,6.28319
3.78378378378378,-18.4111787177824,-1.32190385839697,-9.86647288334175,-19.7330182501068,6.28319
3.78778778778779,-17.8391485545283,-1.28083267596395,-9.55992433581454,-19.1199189030128,6.28319
3.79179179179179,-17.2705905312794,-1.24001078964282,-9.25523649344552,-18.5105409799046,6.28319
3.7957957957958,-16.705864480737,-1.19946403505463,-8.95260218905893,-17.9052701478476,6.28319
3.7997997997998,-16.1453278103987,-1.15921807369326,-8.65221295582263,-17.3044894745843,6.28319
3.8038038038038,-15.5893352763598,-1.11929837668461,-8.3542589060291,-16.7085791860965,6.28319
3.80780780780781,-15.0382387587929,-1.07973020866628,-8.05892861077615,-16.1179164259652,6.28319
3.81181181181181,-14.4923870392481,-1.04053861179791,-7.76640898062275,-15.5328750166813,6.28319
3.81581581581582,-13.9521255799135,-1.00174838991234,-7.47688514729579,-14.9538252230587,6.28319
3.81981981981982,-13.4177963049769,-0.963384092817607,-7.19054034652288,-14.3811335178988,6.28319
3.82382382382382,-12.8897373842266,-0.925470000759694,-6.90755580206474,-13.8151623500543,6.28319
3.82782782782783,-12.3682830190285,-0.888030109055882,-6.62811061102122,-13.2562699150407,6.28319
3.83183183183183,-11.8537632308143,-0.851088112908453,-6.35238163048316,-12.704809928339,6.28319
3.83583583583584,-11.3465036522155,-0.814667392408303,-6.08054336560188,-12.1611314015337,6.28319
3.83983983983984,-10.8468253209749,-0.778790997738017,-5.81276785914736,-11.6255784214287,6.28319
3.84384384384384,-10.3550444767661,-0.743481634583696,-5.54922458262448,-11.0984899322788,6.28319
3.84784784784785,-9.87147236104986,-0.708761649764849,-5.29008032901695,-10.5801995212768,6.28319
3.85185185185185,-9.39641502009329,-0.674653017091387,-5.03549910722623,-10.0710352074304,6.28319
3.85585585585586,-8.93017311127746,-0.641177323456697,-4.78564203827247,-9.5713192339636,6.28319
3.85985985985986,-8.47304171281554,-0.608355755175597,-4.54066725332335,-9.08136786437348,6.28319
3.86386386386386,-8.02531013700145,-0.576209084575786,-4.30072979361475,-8.60149118227081,6.28319
3.86786786786787,-7.58726174710824,-0.544757656851328,-4.06598151232745,-8.1319928951327,6.28319
3.87187187187187,-7.15917377805128,-0.514021377186454,-3.83657097848119,-7.6731701420901,6.28319
3.87587587587588,-6.7413171609299,-0.484019698157835,-3.61264338290736,-7.22531330587243,6.28319
3.87987987987988,-6.33395635155901,-0.454771607423319,-3.39434044635979,-6.78870582902847,6.28319
3.88388388388388,-5.93734916309826,-0.426295615704882,-3.18180032982141,-6.3636240345391,6.28319
3.88788788788789,-5.55174660288579,-0.398609745073454,-2.97515754706417,-5.95033695093639,6.28319
3.89189189189189,-5.17739271357895,-0.371731517542988,-2.77454287951699,-5.54910614203899,6.28319
3.8958958958959,-4.81452441870318,-0.345677943981024,-2.58008329349612,-5.16018554141212,6.28319
3.8998998998999,-4.46337137270607,-0.320465513342724,-2.39190185984967,-4.78382129165612,6.28319
3.9039039039039,-4.12415581561229,-0.296110182235245,-2.21011767606784,-4.42025158862637,6.28319
3.90790790790791,-3.79709243237086,-0.272627364819018,-2.03484579090772,-4.06970653068224,6.28319
3.91191191191191,-3.48238821698393,-0.250031923052328,-1.86619713158047,-3.73240797306095,6.28319
3.91591591591592,-3.18024234150314,-0.228338157285391,-1.704278433547,-3.40856938746848,6.28319
3.91991991991992,-2.89084602997619,-0.207559797209844,-1.54919217296652,-3.09839572697604,6.28319
3.92392392392392,-2.6143824374238,-0.187709993169415,-1.40103650184076,-2.80208329630818,6.28319
3.92792792792793,-2.35102653392334,-0.168801307837246,-1.25990518589489,-2.51981962760409,6.28319
3.93193193193193,-2.10094499387265,-0.150845708265146,-1.12588754523447,-2.25178336173107,6.28319
3.93593593593594,-1.86429609050409,-0.133854558309811,-0.999068397815986,-1.99814413522521,6.28319
3.93993993993994,-1.64122959571547,-0.117838611440784,-0.879528005766658,-1.75906247293057,6.28319
3.94394394394394,-1.4318866852815,-0.102808003934734,-0.767342024587642,-1.53468968640527,6.28319
3.94794794794795,-1.2363998495055,-0.0887722484603431,-0.66258145527269,-1.32516777815843,6.28319
3.95195195195195,-1.0548928093681,-0.0757402280578633,-0.565312599372574,-1.13062935177865,6.28319
3.95595595595596,-0.887480438225958,-0.0637201905171686,-0.475597017033757,-0.951197528011127,6.28319
3.95995995995996,-0.734268689109842,-0.0527197431578298,-0.393491488037751,-0.786985866836004,6.28319
3.96396396396396,-0.59535452766847,-0.0427458480145509,-0.319047975866003,-0.638098295597922,6.28319
3.96796796796797,-0.470825870800242,-0.0338048174309897,-0.252313594812896,-0.504629043231769,6.28319
3.97197197197197,-0.360761531011807,-0.0259023100647599,-0.193330580167742,-0.386662580626448,6.28319
3.97597597597598,-0.265231166538728,-0.0190433273061458,-0.142136261484657,-0.284273567164431,6.28319
3.97997997997998,-0.184295237259675,-0.013232210112786,-0.0987630389571626,-0.197526803470788,6.28319
3.98398398398398,-0.118004966432216,-0.00847263626234253,-0.0632383629125595,-0.12647719040178,6.28319
3.98798798798799,-0.0664023082742967,-0.00476761802488391,-0.0355847164389789,-0.0711696942988421,6.28319
3.99199199199199,-0.0295199214119845,-0.00211950025646039,-0.0158196011561397,-0.0316393185299857,6.28319
3.995995995996,-0.00738114821027188,-0.000529958915076654,-0.00395552613881454,-0.00791108133665341,6.28319
4,-0,-0,-0,-0,6.28319
