time;position24;slider_velocity;slider_velocity_kinks;slider_velocity_GGL_h=0.01;total_energy_system;total_energy_increment_system;time_ref1[Rosenbrock];pos_ref1[Rosenbrock];angle_ref1[LieGroupGenAlpha];time_ref2[LieGroupGenAlpha];pos_ref2[LieGroupGenAlpha]
0;0.2;0.24;0.24;0.24;0.76643568;-3.69E-17;0;0.2;0;0;0.2
0.01;0.202421536;0.242153641;0.244307283;0.244221223;0.76643568;5.29E-17;0.016722408;0.204068794;0.097238887;0.0001;0.200026
0.02;0.204886774;0.24652379;0.248740297;0.248765545;0.76643568;-1.91E-17;0.033444816;0.208260666;0.190270645[Rosenbrock];0.0003;0.20007803
0.03;0.207399597;0.251282244;0.25382419;0.253767403;0.76643568;6.07E-17;0.050167224;0.212599606;0.2814088;0.0007;0.20018214
0.04;0.209965078;0.256548117;0.259272044;0.259303646;0.76643568;-1.52E-17;0.066889632;0.217113235;0.372421878;0.0015;0.20039064
0.05;0.212588737;0.262365918;0.265459791;0.265418997;0.76643568;1.69E-17;0.08361204;0.221830545;0.464798373;0.0031;0.20080871
0.06;0.215276579;0.268784237;0.272108682;0.272139747;0.76643568;5.46E-17;0.100334448;0.22678101;0.55991297;0.0063;0.20164907
0.07;0.218034682;0.275810207;0.279511732;0.279481322;0.76643568;-6.25E-17;0.117056856;0.231994204;0.659151772;0.0127;0.20334618
0.08;0.220869366;0.283468403;0.287425075;0.287452481;0.76643568;4.94E-17;0.133779264;0.237499484;0.764031639;0.0227;0.20604017
0.09;0.223786893;0.29175271;0.296080345;0.296057532;0.76643568;-9.02E-17;0.150501672;0.2433254;0.87634812;0.0327;0.20878415
0.1;0.226793672;0.300677939;0.305275533;0.305297282;0.76643568;1.3E-16;0.16722408;0.249498591;0.998379557;0.0427;0.21157843
0.11;0.22989598;0.310230786;0.315186039;0.315169041;0.76643568;-8.93E-17;0.183946488;0.25604079;1.133232257;0.0527;0.21442448
0.12;0.233100169;0.320418903;0.325651766;0.325665766;0.76643568;4.94E-17;0.200668896;0.262960732;1.285446537;0.0627;0.21732439
0.13;0.236412364;0.331219491;0.336787216;0.336774205;0.76643568;-7.98E-17;0.217391304;0.270227323;1.462104546;0.0727;0.22028061
0.14;0.239838644;0.342627968;0.348468721;0.34847168;0.76643568;3.99E-17;0.234113712;0.277659918;1.67412423;0.0827;0.2232957
0.15;0.243384652;0.35460087;0.360733019;0.360720789;0.76643568;2.95E-17;0.25083612;0.284459955;1.929132715;0.0927;0.22637221
0.16;0.247055694;0.367104192;0.373475365;0.37346066;0.76643568;-7.98E-17;0.267558528;0.288782236;2.193535449;0.1027;0.22951254
0.17;0.250856128;0.380043419;0.386611474;0.386592227;0.76643568;3.99E-17;0.284280936;0.290155796;2.432952873;0.1127;0.23271882
0.18;0.254789191;0.393306229;0.400000985;0.39995259;0.76643568;-5.90E-17;0.301003344;0.289004111;2.678824058;0.1227;0.23599279
0.19;0.258855784;0.406659337;0.413317688;0.413268339;0.76643568;1.11E-16;0.317725753;0.28425049;2.974127058;0.1327;0.23933563
0.2;0.263053351;0.419756662;0.426195635;0.426065904;0.76643568;1.49E-16;0.334448161;0.275662953;3.281019948;0.1427;0.24274777
0.21;0.267372585;0.431923469;0.437651304;0.437487707;0.76643568;-1.17E-15;0.351170569;0.265645339;3.54547067;0.1527;0.24622864
0.22;0.271792257;0.441967164;0.446283024;0.445884921;0.76643568;2.47E-17;0.367892977;0.255369804;3.774647397;0.1627;0.24977631
0.23;0.276266286;0.447402949;0.448522874;0.447834799;0.76643568;1.91E-17;0.384615385;0.245195831;3.98079192;0.1727;0.25338704
0.24;0.28069536;0.442907329;0.437291785;0.4355926;0.76643568;-2.57E-16;0.401337793;0.235293252;4.171787957;0.1827;0.25705453
0.25;0.284853731;0.415837096;0.394382407;0.390773658;0.76643568;1.07E-15;0.418060201;0.22577554;4.353012315;0.1927;0.26076901
0.26;0.288241426;0.338769515;0.283156623;0.277427212;0.76643568;-4.12E-15;0.434782609;0.21673789;4.528740545;0.2027;0.26451577
0.27;0.290041515;0.18000895;0.076861277;0.075606947;0.76643568;4.45E-15;0.451505017;0.20827799;4.703064808;0.2127;0.26827311
0.28;0.289587738;-0.045377723;-0.167616722;-0.170553031;0.76643568;5E-16;0.468227425;0.200520165;4.880784556;0.2227;0.27200921
0.29;0.286793392;-0.279434571;-0.39125242;-0.385999283;0.76643568;3.05E-16;0.484949833;0.193666599;5.068769811;0.2327;0.27567762
0.3;0.28226908;-0.452431211;-0.513610002;-0.511792391;0.76643568;-1.94E-16;0.501672241;0.188148922;5.278250602;0.2427;0.27921079
0.31;0.276831491;-0.54375898;-0.573907957;-0.572641819;0.76643568;-2.50E-16;0.518394649;0.185106382;5.520794922;0.2527;0.28251142
0.32;0.270953504;-0.587798682;-0.601689407;-0.601387682;0.76643568;1.6E-16;0.535117057;0.185899161;5.756310094;0.2627;0.28544314
0.33;0.264875521;-0.607798231;-0.613907056;-0.613729142;0.76643568;1.1E-16;0.551839465;0.188905048;5.934064905;0.2727;0.28782669
0.34;0.25872197;-0.615355108;-0.616803159;-0.616628768;0.76643568;1.67E-16;0.568561873;0.192542907;6.07200962;0.2827;0.28945532
0.35;0.252571077;-0.615089381;-0.613375602;-0.613469487;0.76643568;3.99E-17;0.585284281;0.196393262;6.188288291;0.29238351;0.29013852
0.36;0.2464728;-0.609827667;-0.606279732;-0.606061659;0.76643568;-1.39E-15;0.602006689;0.200362978;6.292218848;0.30009268;0.28999156
0.37;0.240465188;-0.600761223;-0.595242714;-0.595443504;0.76643568;-6.70E-16;0.618729097;0.204442092;6.388961098;0.30760297;0.289268
0.38;0.234576407;-0.588878099;-0.582513483;-0.58222912;0.76643568;1.67E-16;0.635451505;0.208646194;6.481737672;0.31586331;0.28787715
0.39;0.228831285;-0.574512198;-0.566510913;-0.566770616;0.76643568;-9.02E-17;0.652173913;0.21299976;6.572797723;0.32343452;0.2861426
0.4;0.223250751;-0.55805339;-0.549595867;-0.549233898;0.76643568;5.83E-16;0.668896321;0.217530597;6.663875711;0.33274012;0.28354529
0.41;0.217856125;-0.539462597;-0.529329326;-0.529626653;0.76643568;3.85E-16;0.685618729;0.222267764;6.756443942;0.34274012;0.28034167
0.42;0.212668185;-0.518793983;-0.508258639;-0.507790752;0.76643568;-2.48E-15;0.702341137;0.22724076;6.851873331;0.35274012;0.27685675
0.43;0.20771166;-0.495652498;-0.483046357;-0.483354848;0.76643568;-1.39E-15;0.719063545;0.232479152;6.951556553;0.36274012;0.27320047
0.44;0.203015024;-0.46966356;-0.456280764;-0.455623475;0.76643568;-4.16E-17;0.735785953;0.23801226;7.057029028;0.37274012;0.26944651
0.45;0.198618044;-0.439698062;-0.423115361;-0.423341663;0.76643568;-8.67E-17;0.752508361;0.243868505;7.170120556;0.38274012;0.26563953
0.46;0.194575826;-0.404221764;-0.385328167;-0.384188424;0.76643568;4.86E-16;0.769230769;0.250074261;7.293166895;0.39274012;0.261802
0.47;0.190979262;-0.359656448;-0.333984728;-0.333665855;0.76643568;-4.02E-16;0.785953177;0.256650545;7.429373643;0.40274012;0.25794037
0.48;0.187980916;-0.29983455;-0.265684371;-0.262912716;0.76643568;-2.29E-16;0.802675585;0.263604096;7.583455855;0.41274012;0.25405035
0.49;0.185855204;-0.212571216;-0.159458061;-0.15775264;0.76643568;-1.69E-15;0.819397993;0.270897167;7.762800212;0.42274012;0.25012135
0.5;0.184964975;-0.089022922;-0.018587783;-0.018789011;0.76643568;1.66E-15;0.836120401;0.278321759;7.978634881;0.43274012;0.24614037
0.51;0.185410866;0.044589164;0.107766112;0.101741905;0.76643568;-6.21E-16;0.852842809;0.284979715;8.236773874;0.44274012;0.24209526
0.52;0.186796813;0.13859462;0.169423128;0.16897172;0.76643568;-3.19E-16;0.869565217;0.289015931;8.499261674;0.45274012;0.23797756
0.53;0.18866107;0.18642573;0.203428333;0.200942635;0.76643568;1.8E-16;0.886287625;0.290158802;8.737346746;0.46274012;0.23378478
0.54;0.190757806;0.209673567;0.2159188;0.216766169;0.76643568;-2.40E-16;0.903010033;0.288750141;8.986300483;0.47274012;0.22952204
0.55;0.192972125;0.22143199;0.226945179;0.225571313;0.76643568;-1.60E-17;0.919732441;0.283600064;9.285980283;0.48274012;0.22520276
0.56;0.195258856;0.22867301;0.23040084;0.231326563;0.76643568;-3.21E-17;0.936454849;0.274787651;9.58993332;0.49274012;0.22084851
0.57;0.197594855;0.233599915;0.23679899;0.235836426;0.76643568;3.49E-17;0.953177258;0.264719521;9.85059523;0.50274012;0.2164882
0.58;0.199974592;0.237973721;0.239148451;0.239976359;0.76643568;7.59E-17;0.969899666;0.254443115;10.0772623;0.51274012;0.21215689
0.59;0.202394962;0.242037036;0.24492562;0.24419629;0.76643568;-1.69E-17;0.986622074;0.244287966;10.28176493;0.52274012;0.20789496
0.6;0.204859723;0.246476064;0.248026507;0.248738306;0.76643568;1.08E-17;1.003344482;0.234415945;10.47168146;0.53274012;0.20374818
0.61;0.207371341;0.251161774;0.254297041;0.253737284;0.76643568;2.43E-17;1.02006689;0.224937793;10.65224214;0.54274012;0.19976927
0.62;0.209936177;0.256483659;0.258670278;0.259270316;0.76643568;-5.98E-17;1.036789298;0.215948127;10.82767166;0.55274012;0.19602187
0.63;0.212558531;0.262235414;0.26580055;0.265382262;0.76643568;3.77E-17;1.053511706;0.207545909;11.00208692;0.56274012;0.1925883
0.64;0.215245564;0.268703276;0.271606002;0.272099492;0.76643568;1.3E-16;1.070234114;0.199859656;11.18040622;0.57274012;0.18958274
0.65;0.218002231;0.27566671;0.279727417;0.279437481;0.76643568;9.54E-18;1.086956522;0.193103345;11.36978644;0.58274012;0.18716889
0.66;0.220835948;0.283371663;0.287015908;0.287405018;0.76643568;-4.08E-17;1.10367893;0.187745932;11.58195018;0.59095056;0.18577828
0.67;0.223751893;0.291594484;0.29617306;0.296006432;0.76643568;-9.02E-17;1.120401338;0.185019547;11.82687342;0.59911058;0.18505109
0.68;0.226757556;0.300566296;0.304959532;0.30524255;0.76643568;1.99E-17;1.137123746;0.186116779;12.05788631;0.60758652;0.18503833
0.69;0.229858122;0.310056638;0.315153745;0.315110704;0.76643568;1.00E-22;1.153846154;0.189218656;12.23099358;0.61614455;0.18571421
0.7;0.233061057;0.320293486;0.325433227;0.32560388;0.76643568;3.99E-17;1.170568562;0.192884608;12.36640931;0.62493396;0.18695014
0.71;0.236371343;0.331028621;0.336624016;0.336708869;0.76643568;-5.03E-17;1.18729097;0.196747569;12.4812763;0.63352621;0.1885134
0.72;0.239796249;0.342490559;0.348357103;0.348403059;0.76643568;-1.91E-17;1.204013378;0.200727001;12.58438466;0.64172741;0.19021581
0.73;0.24334018;0.354393134;0.360429165;0.360649153;0.76643568;9.02E-17;1.220735786;0.20481658;12.68065556;0.65172741;0.19246935
0.74;0.247009762;0.366958165;0.373487164;0.373386449;0.76643568;-1.30E-16;1.237458194;0.209033119;12.77319492;0.66172741;0.19485238
0.75;0.250807965;0.379820365;0.386153566;0.386516158;0.76643568;8.85E-17;1.254180602;0.213401545;12.86419082;0.67172741;0.19732478
0.76;0.254739554;0.393158875;0.400164183;0.399875852;0.76643568;1.91E-17;1.27090301;0.217949835;12.95534565;0.68172741;0.19986521
0.77;0.258803829;0.406427503;0.412690823;0.413192953;0.76643568;1.00E-22;1.287625418;0.222707111;13.04811684;0.69172741;0.20246245
0.78;0.263000088;0.419625882;0.426560941;0.42599543;0.76643568;1.00E-22;1.304347826;0.227702888;13.14387246;0.70172741;0.20511114
0.79;0.267317152;0.431706362;0.436851783;0.43742875;0.76643568;-1.11E-16;1.321070234;0.232966731;13.24401244;0.71172741;0.20780929
0.8;0.271736208;0.441905614;0.446959446;0.445850584;0.76643568;1.00E-22;1.337792642;0.238527913;13.35009261;0.72172741;0.21055696
0.81;0.276209174;0.447296602;0.447633758;0.447853308;0.76643568;-3.99E-17;1.35451505;0.244414718;13.46397851;0.73172741;0.21335543
0.82;0.280640395;0.443122097;0.438610436;0.435730033;0.76643568;6.59E-16;1.371237458;0.250653228;13.58806609;0.74172741;0.21620671
0.83;0.284803862;0.416346773;0.39408311;0.391184403;0.76643568;-1.05E-15;1.387959866;0.257263684;13.72566517;0.75172741;0.2191132
0.84;0.288206334;0.340247181;0.286411252;0.278341842;0.76643568;1.00E-22;1.404682274;0.264250611;13.88167535;0.76172741;0.22207749
0.85;0.290031774;0.182543996;0.07867674;0.076948179;0.76643568;-3.57E-16;1.421404682;0.271568771;14.06380102;0.77172741;0.22510222
0.86;0.289608339;-0.04234353;-0.163363799;-0.169141491;0.76643568;-6.11E-16;1.43812709;0.278978849;14.28353735;0.78172741;0.22818989
0.87;0.286843531;-0.276480767;-0.389597734;-0.38501275;0.76643568;4.02E-16;1.454849498;0.285476324;14.5444585;0.79172741;0.2313428
0.88;0.282334273;-0.450925853;-0.512253971;-0.511297384;0.76643568;-1.11E-16;1.471571906;0.289225909;14.80474562;0.80172741;0.23456291
0.89;0.276906178;-0.542809445;-0.573364918;-0.572406362;0.76643568;1.00E-22;1.488294314;0.290142332;15.04183097;0.81172741;0.23785171
0.9;0.271031811;-0.587436681;-0.601508444;-0.601279113;0.76643568;-2.95E-17;1.505016722;0.288465174;15.29428123;0.82172741;0.24121003
0.91;0.264956127;-0.607568485;-0.613628526;-0.613689707;0.76643568;-3.04E-17;1.52173913;0.282916727;15.5978571;0.83172741;0.24463783
0.92;0.258803203;-0.615292363;-0.6169562;-0.616631672;0.76643568;1.39E-16;1.538461538;0.273903263;15.89846692;0.84172741;0.24813393
0.93;0.252652353;-0.615084975;-0.61321375;-0.613500951;0.76643568;-1.21E-16;1.555183946;0.26379194;16.15545499;0.85172741;0.25169556
0.94;0.246553458;-0.609889548;-0.606565346;-0.606113982;0.76643568;2.77E-15;1.571906355;0.253517086;16.37970786;0.86172741;0.25531782
0.95;0.240544842;-0.600861601;-0.595157856;-0.595512162;0.76643568;-1.61E-16;1.588628763;0.243382036;16.58262829;0.87172741;0.25899286
0.96;0.234654702;-0.589014006;-0.582870156;-0.582311444;0.76643568;4.51E-16;1.605351171;0.233541471;16.7715067;0.88172741;0.26270871
0.97;0.228907911;-0.57467909;-0.566488024;-0.566865165;0.76643568;-3.30E-16;1.622073579;0.224103656;16.95143734;0.89172741;0.26644756
0.98;0.223325437;-0.558247348;-0.550006672;-0.549340182;0.76643568;-1.28E-16;1.638795987;0.215162791;17.12660109;0.90172741;0.27018324
0.99;0.217928576;-0.539686135;-0.529365598;-0.529745075;0.76643568;-1.70E-16;1.655518395;0.206819285;17.3011465;0.91172741;0.27387756
1;0.212738091;-0.519048531;-0.508731465;-0.507922758;0.76643568;9.58E-16;1.672240803;0.199206304;17.48012254;0.92172741;0.27747483
1.01;0.207778665;-0.495942514;-0.483153563;-0.483503339;0.76643568;-2.78E-16;1.688963211;0.192550788;17.67099325;0.93172741;0.28089442
1.02;0.203078621;-0.470004469;-0.456855375;-0.455793715;0.76643568;1.91E-16;1.705685619;0.18736336;17.88596657;0.94172741;0.28402146
1.03;0.19867764;-0.440098079;-0.423340784;-0.423543193;0.76643568;-2.53E-16;1.722408027;0.184968177;18.13285559;0.95172741;0.28669915
1.04;0.194630296;-0.404734385;-0.386127986;-0.384439244;0.76643568;-1.73E-16;1.739130435;0.186349415;18.35894681;0.96172741;0.28873211
1.05;0.19102711;-0.360318607;-0.334509229;-0.334001509;0.76643568;-2.71E-16;1.755852843;0.189536383;18.52762985;0.97172741;0.28991734
1.06;0.188018822;-0.300828766;-0.267148302;-0.263401455;0.76643568;1.29E-15;1.772575251;0.193227928;18.6606515;0.98122036;0.29012374
1.07;0.185878391;-0.214043132;-0.160937962;-0.158473905;0.76643568;-8.19E-16;1.789297659;0.197102947;18.77417501;0.99027808;0.28946029
1.08;0.184967922;-0.091046869;-0.021155777;-0.019599106;0.76643568;1.91E-16;1.806020067;0.201092077;18.87649964;0.99934674;0.28802665
1.09;0.185395707;0.042778418;0.106712613;0.101206453;0.76643568;4.02E-16;1.822742475;0.205192268;18.97232393;1.00879504;0.2858586
1.1;0.186771162;0.137545506;0.1683784;0.168710886;0.76643568;9.02E-17;1.839464883;0.209421456;19.06464362;1.01879504;0.283001
1.11;0.188629568;0.185840634;0.203302867;0.200818069;0.76643568;1.5E-16;1.856187291;0.213804979;19.1555891;1.02879504;0.27974212
1.12;0.190723305;0.209373714;0.21544456;0.216700951;0.76643568;7.98E-17;1.872909699;0.218370968;19.24683263;1.03879504;0.27622502
1.13;0.192935241;0.221193569;0.226942579;0.225531972;0.76643568;1.73E-18;1.889632107;0.223148601;19.33981802;1.04879504;0.27255238
1.14;0.195220353;0.228511231;0.230079883;0.231298284;0.76643568;1.91E-17;1.906354515;0.228167413;19.43591119;1.05879504;0.26879203
1.15;0.197554595;0.233424143;0.236768404;0.23581222;0.76643568;-9.74E-17;1.923076923;0.23345697;19.53652044;1.06879504;0.26498414
1.16;0.199932857;0.23782626;0.238884116;0.239952721;0.76643568;1.39E-16;1.939799331;0.239046454;19.64322396;1.07879504;0.26114795
1.17;0.202351473;0.241861623;0.24483913;0.244171367;0.76643568;-1.07E-16;1.956521739;0.24496405;19.7579239;1.08879504;0.25728774
1.18;0.204814616;0.24631423;0.24778933;0.248711082;0.76643568;8.2E-17;1.973244147;0.251235497;19.88307986;1.09879504;0.25339788
1.19;0.20732431;0.250969403;0.254149475;0.253707182;0.76643568;3.08E-17;1.989966555;0.257880195;20.02211111;1.10879504;0.2494672
1.2;0.209887303;0.256299333;0.258449191;0.259237005;0.76643568;-8.37E-17;2.006688963;0.264900212;20.1801119;1.11879504;0.24548271
1.21;0.212507505;0.262020203;0.265591216;0.265345547;0.76643568;-1.60E-17;2.023411371;0.272241853;20.36511722;1.12879504;0.24143276
1.22;0.215192444;0.268493853;0.271396491;0.272059257;0.76643568;-3.99E-17;2.040133779;0.279629996;20.58882906;1.13879504;0.23730979
1.23;0.217946706;0.27542627;0.279456048;0.279393661;0.76643568;-2.52E-17;2.056856187;0.28594839;20.85212787;1.14879504;0.23311251
1.24;0.220778069;0.283136245;0.286816441;0.287357576;0.76643568;7.98E-17;2.073578595;0.289412919;21.11000359;1.15879504;0.22884732
1.25;0.223691345;0.291327655;0.295838869;0.295955353;0.76643568;-1.10E-16;2.090301003;0.290106056;21.34644427;1.16879504;0.22452894
1.26;0.226694392;0.300304641;0.304770413;0.305187839;0.76643568;-1.04E-17;2.107023411;0.288147462;21.60278535;1.17879504;0.22018009
1.27;0.22979202;0.30976288;0.314755346;0.315052388;0.76643568;4.94E-17;2.123745819;0.282202954;21.90967091;1.18879504;0.21583058
1.28;0.232992079;0.320005881;0.325256415;0.325542015;0.76643568;1.00E-22;2.140468227;0.273010934;22.20662594;1.19879504;0.21151614
1.29;0.23629916;0.330708113;0.33615981;0.336643552;0.76643568;-5.03E-17;2.157190635;0.262862928;22.46005999;1.20879504;0.20727774
1.3;0.239720943;0.34217827;0.348196729;0.348334456;0.76643568;3.12E-17;2.173913043;0.252591875;22.68199019;1.21879504;0.20316174
1.31;0.243261419;0.35404759;0.359898452;0.360577534;0.76643568;-5.03E-17;2.190635452;0.242478146;22.88338593;1.22879504;0.19922177
1.32;0.246927667;0.36662477;0.373351089;0.373312251;0.76643568;1.00E-22;2.20735786;0.232669919;23.07126659;1.23879504;0.19552306
1.33;0.25072222;0.379455347;0.385559605;0.386440098;0.76643568;2.95E-17;2.224080268;0.223273216;23.25060054;1.24879504;0.19215067
1.34;0.254650359;0.392813869;0.400068134;0.399799114;0.76643568;-1.51E-16;2.240802676;0.214381981;23.42553183;1.25879504;0.18922332
1.35;0.25871095;0.406059152;0.412050171;0.413117551;0.76643568;1.00E-22;2.257525084;0.206098272;23.60024791;1.26879504;0.18691042
1.36;0.262903906;0.419295586;0.426541;0.425924913;0.76643568;-5.10E-16;2.274247492;0.198560322;23.77993995;1.27692533;0.18563033
1.37;0.267217751;0.431384444;0.436227889;0.437369699;0.76643568;-1.61E-16;2.2909699;0.192009455;23.97240168;1.28499763;0.1850084
1.38;0.271634494;0.441674353;0.447120818;0.445816046;0.76643568;1.00E-22;2.307692308;0.187002705;24.19030314;1.29367316;0.18509565
1.39;0.276106557;0.447206259;0.447291701;0.447871381;0.76643568;-2.95E-17;2.324414716;0.184951903;24.43865441;1.30235863;0.18586732
1.4;0.280540014;0.443345686;0.43939967;0.43586646;0.76643568;5.83E-16;2.341137124;0.18659536;24.65950821;1.31071884;0.18708815
1.41;0.284714014;0.417400048;0.395400426;0.391592905;0.76643568;1.00E-22;2.357859532;0.189857818;24.82398981;1.31966074;0.18873673
1.42;0.288141296;0.342728172;0.290055919;0.279253283;0.76643568;-3.16E-15;2.37458194;0.19357277;24.95474404;1.32832967;0.19055202
1.43;0.290013384;0.187208768;0.084361617;0.078287957;0.76643568;6.11E-16;2.391304348;0.197459377;25.0669886;1.33832967;0.19281432
1.44;0.289645763;-0.036762041;-0.157885699;-0.16772903;0.76643568;3.41E-15;2.408026756;0.201458207;25.16856652;1.34832967;0.19519646
1.45;0.286931957;-0.271380594;-0.384875488;-0.38402292;0.76643568;-1.10E-15;2.424749164;0.205569172;25.26396788;1.35832967;0.19766265
1.46;0.282453296;-0.447866169;-0.51085685;-0.510800271;0.76643568;1.00E-22;2.441471572;0.209811226;25.35608489;1.36832967;0.20019387
1.47;0.277040409;-0.541288695;-0.571720541;-0.572169899;0.76643568;-2.08E-16;2.45819398;0.214210083;25.44699346;1.37832967;0.2027802
1.48;0.271174;-0.586640843;-0.601561146;-0.601170025;0.76643568;1.00E-22;2.474916388;0.218794017;25.53833744;1.38832967;0.20541703
1.49;0.265101452;-0.607254784;-0.612948421;-0.613649971;0.76643568;3.04E-17;2.491638796;0.223592258;25.63154817;1.39832967;0.20810283
1.5;0.258950329;-0.615112303;-0.617276185;-0.616634381;0.76643568;-1.70E-16;2.508361204;0.228634358;25.72799034;1.40832967;0.21083795
1.51;0.252798897;-0.615143225;-0.613010265;-0.613532276;0.76643568;-6.40E-16;2.525083612;0.233949869;25.82908242;1.41832967;0.21362384
1.52;0.246699286;-0.609961124;-0.606911983;-0.6061662;0.76643568;-4.01E-16;2.54180602;0.239567903;25.936425;1.42832967;0.21646262
1.53;0.240688336;-0.601094971;-0.595277958;-0.595580735;0.76643568;9.02E-17;2.558528428;0.245516516;26.05195904;1.43832967;0.21935676
1.54;0.234796041;-0.589229551;-0.583181144;-0.582393695;0.76643568;1.37E-15;2.575250836;0.251821085;26.17821115;1.44832967;0.22230889
1.55;0.22904577;-0.575027101;-0.566873058;-0.566959646;0.76643568;-1.53E-16;2.591973244;0.258500076;26.31871607;1.45832967;0.22532168
1.56;0.223460068;-0.558570145;-0.550267232;-0.549446398;0.76643568;-1.22E-15;2.608695652;0.265552837;26.47877295;1.46832967;0.22839763
1.57;0.218058706;-0.54013618;-0.530005128;-0.529863425;0.76643568;1.21E-16;2.62541806;0.272916103;26.66675943;1.47832967;0.23153907
1.58;0.212863938;-0.519476854;-0.50894858;-0.508054679;0.76643568;-5.20E-17;2.642140468;0.280273862;26.89450327;1.48832967;0.23474793
1.59;0.207898764;-0.496517426;-0.484086272;-0.483651723;0.76643568;-9.71E-17;2.658862876;0.286394809;27.15972694;1.49832967;0.2380257
1.6;0.203193003;-0.470576059;-0.457065846;-0.455963808;0.76643568;-2.66E-15;2.675585284;0.2895777;27.41505635;1.50832967;0.24137319
1.61;0.198784164;-0.440883933;-0.42470202;-0.423744504;0.76643568;-2.39E-16;2.692307692;0.290049503;27.65122616;1.51832967;0.24479037
1.62;0.194728313;-0.40558508;-0.38646814;-0.384689704;0.76643568;-3.82E-16;2.7090301;0.287795347;27.91182138;1.52832967;0.24827602
1.63;0.191112294;-0.36160189;-0.33673564;-0.334336522;0.76643568;-9.02E-17;2.725752508;0.281461319;28.22134518;1.53832967;0.25182736
1.64;0.188087539;-0.302475504;-0.268215368;-0.263889052;0.76643568;7.63E-16;2.742474916;0.272111669;28.51441777;1.54832967;0.25543946
1.65;0.185919606;-0.216793319;-0.16537127;-0.159193845;0.76643568;-1.39E-15;2.759197324;0.261932777;28.76442015;1.55832967;0.25910442
1.66;0.184974067;-0.094553862;-0.023736454;-0.02040987;0.76643568;-1.99E-16;2.775919732;0.251667622;28.98411535;1.56832967;0.26281023
1.67;0.185369907;0.03958404;0.102904534;0.100669068;0.76643568;-7.98E-17;2.79264214;0.241576391;29.18404186;1.57832967;0.26653903
1.68;0.186725518;0.135561047;0.16821756;0.168448915;0.76643568;4.7E-16;2.809364548;0.231801366;29.37096421;1.58832967;0.2702646
1.69;0.188574775;0.184925686;0.201633812;0.200693001;0.76643568;-9.54E-18;2.826086957;0.22244655;29.54973455;1.59832967;0.27394863
1.7;0.190662465;0.208768985;0.215904158;0.216635516;0.76643568;-4.94E-17;2.842809365;0.213605788;29.72446701;1.60832967;0.27753537
1.71;0.192871165;0.220870019;0.225835881;0.225492537;0.76643568;1.27E-16;2.859531773;0.205382998;29.89939516;1.61832967;0.28094409
1.72;0.195153073;0.228190829;0.230545777;0.231269966;0.76643568;2.69E-17;2.876254181;0.197921955;30.07986548;1.62832967;0.28405989
1.73;0.197485005;0.233193239;0.235840701;0.235788004;0.76643568;-4.60E-17;2.892976589;0.191479934;30.27402361;1.63832967;0.28672609
1.74;0.199860515;0.237550987;0.239261273;0.239929085;0.76643568;-1.99E-17;2.909698997;0.186665569;30.4949599;1.64832967;0.28874778
1.75;0.202276736;0.241622045;0.243982817;0.244146455;0.76643568;3.6E-17;2.926421405;0.184969749;30.74418578;1.65832967;0.28992291
1.76;0.204736982;0.246024578;0.248066339;0.248683873;0.76643568;-8.15E-17;2.943143813;0.186853093;30.95958937;1.66783493;0.2901216
1.77;0.207243937;0.25069551;0.253324682;0.253677099;0.76643568;1.4E-16;2.959866221;0.1901826;31.1200888;1.67690102;0.28945178
1.78;0.209803704;0.25597677;0.258628858;0.259203713;0.76643568;1.00E-22;2.976588629;0.193919048;31.24869438;1.68598042;0.28801297
1.79;0.212420749;0.261704472;0.264780085;0.265308851;0.76643568;-9.41E-17;2.993311037;0.197816845;31.35972103;1.69545139;0.28583807
1.8;0.215102064;0.268131484;0.271482883;0.272019043;0.76643568;7.03E-17;3.010033445;0.201825396;31.46058772;1.70545139;0.28298095
1.81;0.217852727;0.275066331;0.278649778;0.279349861;0.76643568;-1.04E-16;3.026755853;0.205947304;31.55558901;1.71545139;0.27972473
1.82;0.220680037;0.282731019;0.28681226;0.287310154;0.76643568;4.08E-17;3.043478261;0.210202441;31.64751994;1.72545139;0.27621165
1.83;0.223589266;0.290922839;0.295033418;0.295904295;0.76643568;5.9E-17;3.060200669;0.21461687;31.73840488;1.73545139;0.2725438
1.84;0.226587816;0.299855015;0.304676611;0.305133149;0.76643568;-5.98E-17;3.076923077;0.219218997;31.82986096;1.74545139;0.26878867
1.85;0.22968095;0.3093134;0.31395019;0.314994093;0.76643568;9.97E-17;3.093645485;0.224038097;31.92330817;1.75545139;0.26498624
1.86;0.232876063;0.319511295;0.325072401;0.325480169;0.76643568;-6.94E-17;3.110367893;0.229103736;32.02011115;1.76545139;0.26115567
1.87;0.236178217;0.330215393;0.335358386;0.336578254;0.76643568;9.02E-17;3.127090301;0.234445445;32.12169943;1.77545139;0.25730125
1.88;0.239594614;0.341639679;0.347920972;0.348265871;0.76643568;-1.41E-16;3.143812709;0.240092273;32.22969699;1.78545139;0.25341743
1.89;0.243129771;0.353515769;0.359110566;0.36050593;0.76643568;3.12E-17;3.160535117;0.246072125;32.34608586;1.79545139;0.2494931
1.9;0.246790238;0.366046623;0.372982681;0.373238066;0.76643568;-1.91E-17;3.177257525;0.25240999;32.47346285;1.80545139;0.24551537
1.91;0.250579191;0.378895296;0.384807912;0.386364045;0.76643568;1.00E-22;3.193979933;0.259123305;32.61548456;1.81545139;0.24147263
1.92;0.254501288;0.392209708;0.399611505;0.399722375;0.76643568;-1.01E-16;3.210702341;0.266208398;32.77766581;1.82545139;0.23735735
1.93;0.258556286;0.405499841;0.411388177;0.413042133;0.76643568;1.72E-16;3.227424749;0.273591149;32.96873776;1.83545139;0.23316821
1.94;0.26274334;0.418705434;0.426022692;0.425854353;0.76643568;1.21E-16;3.244147157;0.280908938;33.20054671;1.84545139;0.22891153
1.95;0.26705245;0.43091092;0.435799148;0.437310554;0.76643568;-7.98E-17;3.260869565;0.286814759;33.46720292;1.85545139;0.22460187
1.96;0.271464764;0.441231419;0.446663691;0.445781309;0.76643568;8.4E-17;3.277591973;0.289720939;33.71992852;1.86545139;0.22026176
1.97;0.275936002;0.447123851;0.447584011;0.447889019;0.76643568;-1.21E-16;3.294314381;0.289972038;33.95621597;1.87545139;0.21592077
1.98;0.280372262;0.443625962;0.439667913;0.436001887;0.76643568;-2.29E-16;3.311036789;0.287407247;34.22138727;1.88545139;0.21161437
1.99;0.284564025;0.419176308;0.398684703;0.391999171;0.76643568;-2.78E-16;3.327759197;0.280694541;34.53281144;1.89545139;0.2073832
2;0.288031054;0.346702944;0.294721185;0.280161534;0.76643568;1.00E-22;3.344481605;0.271206396;34.82185065;1.90545139;0.2032732
2.01;0.289980241;0.194918633;0.09511608;0.079626269;0.76643568;6.94E-17;3.361204013;0.261001778;35.06854441;1.91545139;0.19933741
2.02;0.289705695;-0.027454603;-0.150025286;-0.166315667;0.76643568;-4.02E-16;3.377926421;0.250744488;35.28608877;1.92545139;0.19564011
2.03;0.287075388;-0.26303071;-0.376036133;-0.383029794;0.76643568;-1.30E-15;3.394648829;0.240676887;35.48459951;1.93545139;0.19226481
2.04;0.282650325;-0.442506299;-0.508976465;-0.510301044;0.76643568;2.08E-16;3.411371237;0.230935913;35.67060217;1.94545139;0.18932757
2.05;0.277261714;-0.538861072;-0.568745679;-0.571932426;0.76643568;8.33E-17;3.428093645;0.221623756;35.84884181;1.95545139;0.1869937
2.06;0.271409301;-0.585241273;-0.601736866;-0.601060417;0.76643568;1.00E-22;3.444816054;0.212834325;36.02340946;1.96365566;0.18567665
2.07;0.265341367;-0.6067934;-0.611849934;-0.613609932;0.76643568;1.2E-16;3.461538462;0.204673619;36.19859264;1.97180525;0.18502077
2.08;0.259193383;-0.614798397;-0.61774686;-0.616636894;0.76643568;-4.77E-17;3.47826087;0.197291559;36.37990638;1.98046922;0.18507578
2.09;0.253040558;-0.615282488;-0.612818115;-0.613563464;0.76643568;-4.40E-16;3.494983278;0.190962885;36.57587094;1.98916818;0.18581667
2.1;0.246939726;-0.610083192;-0.607348269;-0.606218313;0.76643568;-1.79E-16;3.511705686;0.186353697;36.79993038;1.9977201;0.18704202
2.11;0.240924548;-0.601517822;-0.595687376;-0.595649223;0.76643568;-2.20E-16;3.528428094;0.18502027;37.04937247;2.00661902;0.18866339
2.12;0.235028588;-0.589596039;-0.583504702;-0.582475873;0.76643568;-4.89E-16;3.545150502;0.187121238;37.2592105;2.01522533;0.19044661
2.13;0.229272221;-0.575636678;-0.567768655;-0.56705406;0.76643568;-2.12E-16;3.56187291;0.190510427;37.41594059;2.02522533;0.19268737
2.14;0.223681075;-0.559114573;-0.55046049;-0.549552546;0.76643568;-1.60E-16;3.578595318;0.194266677;37.54250932;2.03522533;0.19504861
2.15;0.218271947;-0.540912794;-0.531365097;-0.529981702;0.76643568;-1.70E-16;3.595317726;0.198175328;37.65237581;2.04522533;0.19749408
2.16;0.213070028;-0.520191897;-0.509018697;-0.508186515;0.76643568;-9.82E-16;3.612040134;0.202193645;37.75256519;2.05522533;0.2000045
2.17;0.208095041;-0.49749877;-0.485978842;-0.483800001;0.76643568;-1.78E-15;3.628762542;0.206326668;37.84718869;2.06522533;0.20256981
2.18;0.203379868;-0.471517287;-0.457055733;-0.456133755;0.76643568;2.95E-15;3.64548495;0.21059511;37.93894979;2.07522533;0.20518531
2.19;0.198957771;-0.442209686;-0.427363638;-0.423945596;0.76643568;-5.48E-16;3.662207358;0.215025351;38.02982419;2.08522533;0.20784942
2.2;0.194888171;-0.406959977;-0.386556315;-0.384939804;0.76643568;4.3E-16;3.678929766;0.219645916;38.12140393;2.09522533;0.21056247
2.21;0.191250863;-0.363730831;-0.340905347;-0.334670894;0.76643568;-2.98E-16;3.695652174;0.224486126;38.2150988;2.10522533;0.21332591
2.22;0.188200048;-0.305081458;-0.269257568;-0.264375511;0.76643568;-2.50E-16;3.712374582;0.229575551;38.31227459;2.11522533;0.21614185
2.23;0.185987459;-0.221258901;-0.173260234;-0.159912457;0.76643568;5E-16;3.72909699;0.234943706;38.41437245;2.12522533;0.21901279
2.24;0.184986132;-0.100132687;-0.027005139;-0.021221289;0.76643568;7.2E-16;3.745819398;0.240619571;38.52304124;2.13522533;0.22194138
2.25;0.185330274;0.03441418;0.095833498;0.10012975;0.76643568;-1.09E-15;3.762541806;0.246630879;38.6403062;2.14522533;0.2249303
2.26;0.186653212;0.132293796;0.168754094;0.168185803;0.76643568;1.00E-22;3.779264214;0.253002205;38.7688379;2.15522533;0.22798213
2.27;0.18848848;0.18352681;0.198299525;0.200567428;0.76643568;2.1E-16;3.795986622;0.259749852;38.91242123;2.16522533;0.23109922
2.28;0.190566388;0.207790822;0.217282118;0.21656986;0.76643568;-3.99E-17;3.81270903;0.266866791;39.07679814;2.17522533;0.23428362
2.29;0.192770785;0.220439632;0.223597145;0.225453005;0.76643568;-2.82E-17;3.829431438;0.274266571;39.27106244;2.18522533;0.23753689
2.3;0.195047815;0.227703023;0.231808902;0.231241609;0.76643568;1.03E-16;3.846153846;0.28153359;39.50694141;2.19522533;0.24085999
2.31;0.197376921;0.232910626;0.234012349;0.235763776;0.76643568;-1.08E-16;3.862876254;0.287207759;39.77451121;2.20522533;0.24425306
2.32;0.199748433;0.237151129;0.240289908;0.239905453;0.76643568;-8.20E-17;3.879598662;0.289843228;40.0246467;2.21522533;0.24771513
2.33;0.202161686;0.241325367;0.242360827;0.244121554;0.76643568;1.7E-16;3.89632107;0.289872931;40.26145316;2.22522533;0.25124374
2.34;0.204617798;0.245611136;0.248861446;0.248656679;0.76643568;1.39E-17;3.913043478;0.286981888;40.53146483;2.23522533;0.25483443
2.35;0.207121252;0.250345397;0.251829349;0.253647033;0.76643568;-1.47E-17;3.929765886;0.279905241;40.84401395;2.24522533;0.25847993
2.36;0.209676427;0.255517579;0.25920581;0.259170441;0.76643568;-4.38E-17;3.946488294;0.270295896;41.12893498;2.25522533;0.26216913
2.37;0.212289329;0.261290181;0.263374553;0.265272176;0.76643568;-3.64E-17;3.963210702;0.260070209;41.37244132;2.26522533;0.26588545
2.38;0.214965473;0.26761433;0.271854107;0.27197885;0.76643568;9.11E-17;3.97993311;0.249822626;41.58791553;2.27522533;0.26960452
2.39;0.217711323;0.274585065;0.277316023;0.279306082;0.76643568;-6.94E-17;3.996655518;0.239779748;41.78506217;2.28522533;0.27329075
2.4;0.220532827;0.282150376;0.286984729;0.287262753;0.76643568;1.21E-16;4.013377926;0.23007366;41.97018299;2.29522533;0.27689229
2.41;0.22343657;0.290374324;0.293763919;0.295853258;0.76643568;7.98E-17;4.030100334;0.220804937;42.14792475;2.30522533;0.280334
2.42;0.22642865;0.299207962;0.304652006;0.30507848;0.76643568;-1.30E-16;4.046822742;0.21206771;42.3223621;2.31522533;0.28350849
2.43;0.229515636;0.308698639;0.312745273;0.314935818;0.76643568;1.01E-16;4.063545151;0.203970279;42.49784423;2.32522533;0.28626777
2.44;0.232703601;0.318796471;0.324847669;0.325418343;0.76643568;1.04E-17;4.080267559;0.1966693;42.68006951;2.33522533;0.28842354
2.45;0.235998972;0.329537157;0.334226646;0.336512976;0.76643568;-1.01E-16;4.096989967;0.190459043;42.87795482;2.34522533;0.28977179
2.46;0.239407551;0.340857871;0.347489096;0.348197304;0.76643568;4.94E-17;4.113712375;0.18606886;43.10519898;2.35479567;0.29015611
2.47;0.242935359;0.352780812;0.358072528;0.360434343;0.76643568;-7.11E-17;4.130434783;0.185101572;43.35414942;2.36395392;0.2896474
2.48;0.246587394;0.36520349;0.372334452;0.373163894;0.76643568;5.9E-17;4.147157191;0.187398619;43.55839377;2.37305793;0.28834803
2.49;0.250368596;0.378120193;0.383905935;0.386288;0.76643568;-6.94E-17;4.163879599;0.190841025;43.71155858;2.38241217;0.28632138
2.5;0.254281833;0.391323665;0.398741395;0.399645635;0.76643568;6.07E-17;4.180602007;0.194615603;43.83619534;2.39241217;0.28356351
2.51;0.258329105;0.404727263;0.410713132;0.412966699;0.76643568;-7.98E-17;4.197324415;0.198534823;43.94495662;2.40241217;0.28037578
2.52;0.262507429;0.41783235;0.424951568;0.425783751;0.76643568;-1.60E-16;4.214046823;0.202562969;44.04450116;2.41241217;0.27690776
2.53;0.266810062;0.430263351;0.435575135;0.437251316;0.76643568;3.12E-17;4.230769231;0.206707286;44.13876855;2.42241217;0.27326858
2.54;0.271215658;0.44055956;0.445543985;0.445746373;0.76643568;-6.25E-17;4.247491639;0.210989255;44.23037572;2.43241217;0.26953163
2.55;0.275685984;0.447032598;0.44852121;0.447906223;0.76643568;1.00E-22;4.264214047;0.215435549;44.3212525;2.44241217;0.26574157
2.56;0.280125704;0.443971971;0.439422731;0.436136318;0.76643568;-3.23E-16;4.280936455;0.220074801;44.41296741;2.45241217;0.26192111
2.57;0.284342583;0.421687881;0.403953032;0.392403211;0.76643568;2.16E-15;4.297658863;0.224936371;44.50692112;2.46241217;0.25807703
2.58;0.28786566;0.352307734;0.300662436;0.281066593;0.76643568;-1.97E-15;4.314381271;0.230049833;44.60448172;2.47241217;0.25420541
2.59;0.28992582;0.206015991;0.111369547;0.080963102;0.76643568;-2.16E-15;4.331103679;0.235444678;44.70710287;2.48241217;0.25029603
2.6;0.289787035;-0.013878486;-0.139126519;-0.164901423;0.76643568;2.79E-15;4.347826087;0.24114982;44.81645954;2.49241217;0.24633614
2.61;0.287279251;-0.250778358;-0.362430196;-0.382033372;0.76643568;9.02E-16;4.364548495;0.247192804;44.93462242;2.50241217;0.24231372
2.62;0.282935869;-0.434338223;-0.506246249;-0.509799695;0.76643568;-3.05E-16;4.381270903;0.253597744;45.06433984;2.51241217;0.23822028
2.63;0.27758302;-0.535284875;-0.5643235;-0.571693938;0.76643568;-1.04E-16;4.397993311;0.260379706;45.2095315;2.52241217;0.23405309
2.64;0.271751807;-0.583121343;-0.601919186;-0.600950287;0.76643568;-6.07E-17;4.414715719;0.26752792;45.37617856;2.53241217;0.22981682
2.65;0.265690487;-0.606131959;-0.610344733;-0.613569589;0.76643568;1.7E-16;4.431438127;0.274941891;45.57374365;2.54241217;0.22552428
2.66;0.259547103;-0.614338391;-0.618332049;-0.616639211;0.76643568;1.43E-16;4.448160535;0.28214606;45.81366244;2.55241217;0.22119631
2.67;0.253392078;-0.615502552;-0.612673054;-0.613594513;0.76643568;6.1E-16;4.464882943;0.287573629;46.08161461;2.56241217;0.21686095
2.68;0.247289293;-0.610278501;-0.607883948;-0.606270322;0.76643568;-1.09E-15;4.481605351;0.289945106;46.32924116;2.57241217;0.21255235
2.69;0.241267769;-0.602152413;-0.596420879;-0.595717627;0.76643568;-3.99E-16;4.498327759;0.289751248;46.56698064;2.58241217;0.20830985
2.7;0.235366236;-0.590153269;-0.58388566;-0.582557977;0.76643568;-1.87E-16;4.515050167;0.286518254;46.84202302;2.59241217;0.20417791
2.71;0.229600806;-0.576543;-0.56920034;-0.567148405;0.76643568;-2.29E-16;4.531772575;0.279095927;47.15490908;2.60241217;0.2002074
2.72;0.22400149;-0.559931581;-0.550662822;-0.549658627;0.76643568;-2.50E-16;4.548494983;0.269380854;47.43568171;2.61241217;0.19645912
2.73;0.218580887;-0.542060322;-0.533457822;-0.530099907;0.76643568;7.98E-17;4.565217391;0.259138291;47.67611998;2.62241217;0.1930106
2.74;0.213368344;-0.521254329;-0.509050837;-0.508318268;0.76643568;-1.98E-16;4.581939799;0.248902145;47.88960123;2.63241217;0.18996792
2.75;0.208378955;-0.498938863;-0.488826888;-0.483948172;0.76643568;5.41E-16;4.598662207;0.23888505;48.08543373;2.64241217;0.1874821
2.76;0.203649953;-0.472900211;-0.456973534;-0.456303557;0.76643568;-1.60E-16;4.615384615;0.229214671;48.26970984;2.65087003;0.18596141
2.77;0.19920859;-0.444136302;-0.431299071;-0.42414647;0.76643568;-4.02E-16;4.632107023;0.219990162;48.4469865;2.65928837;0.18511246
2.78;0.195119105;-0.408948522;-0.386597973;-0.385189546;0.76643568;3.5E-16;4.648829431;0.211306027;48.62132836;2.66772602;0.18499213
2.79;0.19145132;-0.36677847;-0.346958968;-0.335004629;0.76643568;-5.97E-16;4.665551839;0.203273102;48.79715487;2.67634998;0.18556491
2.8;0.18836365;-0.308767041;-0.270575114;-0.264860834;0.76643568;4.44E-16;4.682274247;0.196055522;48.98036319;2.68573297;0.18679836
2.81;0.186088026;-0.227562399;-0.184549684;-0.160629738;0.76643568;-1.89E-15;4.698996656;0.189969125;49.18028828;2.6941602;0.18827249
2.82;0.185007909;-0.108011671;-0.031473659;-0.022033347;0.76643568;9.79E-16;4.715719064;0.185812894;49.41074402;2.70211908;0.18986847
2.83;0.185277082;0.026917306;0.085308271;0.099588496;0.76643568;2.39E-16;4.732441472;0.185211487;49.65846399;2.71211908;0.19205451
2.84;0.186552308;0.127522643;0.169737014;0.167921544;0.76643568;-5.03E-17;4.74916388;0.187684173;49.8571609;2.72117531;0.19415042
2.85;0.188367617;0.181530879;0.193324744;0.200441346;0.76643568;1.00E-22;4.765886288;0.191174156;50.00695526;2.73117531;0.19655289
2.86;0.190431631;0.206401424;0.219478103;0.216503984;0.76643568;6.99E-18;4.782608696;0.194965771;50.12975876;2.74117531;0.19902537
2.87;0.19263053;0.219889841;0.220301579;0.225413377;0.76643568;-3.99E-17;4.799331104;0.198895326;50.23746698;2.75117531;0.20155507
2.88;0.194901054;0.227052415;0.233803252;0.231213213;0.76643568;1.44E-16;4.816053512;0.202933379;50.33639803;2.76117531;0.2041358
2.89;0.197226892;0.232583767;0.231364282;0.235739536;0.76643568;6.42E-17;4.83277592;0.207089177;50.43033015;2.77117531;0.2067651
2.9;0.199593294;0.236640237;0.241916192;0.239881824;0.76643568;-9.00E-18;4.849498328;0.211384899;50.52179898;2.78117531;0.20944275
2.91;0.20200313;0.240983553;0.240050913;0.244096664;0.76643568;-1.22E-16;4.866220736;0.215847486;50.61269091;2.79117531;0.21216987
2.92;0.204454021;0.245089095;0.250127277;0.2486295;0.76643568;1.19E-16;4.882943144;0.220505674;50.70455243;2.80117531;0.21494841
2.93;0.206953338;0.249931703;0.249736129;0.253616984;0.76643568;-2.21E-16;4.899665552;0.225388856;50.79877619;2.81117531;0.21778078
2.94;0.209502704;0.254936667;0.260137205;0.259137187;0.76643568;1.53E-16;4.91638796;0.230526606;50.89673352;2.82117531;0.22066961
2.95;0.212110599;0.260789514;0.261441823;0.26523552;0.76643568;3.04E-17;4.933110368;0.235948385;50.99989202;2.83117531;0.22361762
2.96;0.214780164;0.266956486;0.272471148;0.271938676;0.76643568;-1.91E-16;4.949832776;0.241683044;51.10995361;2.84117531;0.22662745
2.97;0.217520102;0.273993823;0.275516498;0.279262323;0.76643568;5.03E-17;4.966555184;0.247757922;51.22903677;2.85117531;0.22970161
2.98;0.220334177;0.281407494;0.28729849;0.287215373;0.76643568;-2.60E-17;4.983277592;0.254196616;51.35997225;2.86117531;0.2328423
2.99;0.223231102;0.289692503;0.292086515;0.295802241;0.76643568;-1.70E-16;5;0.261012849;51.50682085;2.87117531;0.23605133
3;0.22621486;0.298375785;0.304665055;0.305023832;0.76643568;1.00E-22;;;;2.88117531;0.23933
3.01;0.22929414;0.307927967;0.31119088;0.314877563;0.76643568;1.00E-22;;;;2.89117531;0.24267886
3.02;0.232472869;0.317872916;0.324554953;0.325356538;0.76643568;3.04E-17;;;;2.90117531;0.24609752
3.03;0.235759686;0.328681664;0.332808375;0.336447717;0.76643568;-1.91E-17;;;;2.91117531;0.24958432
3.04;0.239158122;0.339843653;0.346878931;0.348128755;0.76643568;-1.04E-17;;;;2.92117531;0.25313586
3.05;0.242676619;0.351849668;0.356820404;0.360362772;0.76643568;-7.98E-17;;;;2.93117531;0.25674635
3.06;0.246317674;0.364105543;0.371390682;0.373089736;0.76643568;-7.98E-17;;;;2.94117531;0.26040675
3.07;0.250089026;0.377135182;0.382879683;0.386211963;0.76643568;1.2E-16;;;;2.95117531;0.26410341
3.08;0.253990678;0.390165214;0.397450746;0.399568895;0.76643568;-2.10E-16;;;;2.96117531;0.26781618
3.09;0.258028113;0.403743452;0.410036158;0.41289125;0.76643568;1.01E-16;;;;2.97117531;0.27151555
3.1;0.262194958;0.416684486;0.423332814;0.425713106;0.76643568;1.00E-22;;;;2.98117531;0.27515848
3.11;0.266489323;0.429436574;0.435540333;0.437191984;0.76643568;1.4E-16;;;;2.99117531;0.27868248
3.12;0.270885944;0.439662011;0.443783688;0.44571124;0.76643568;2.95E-17;;;;3.00117531;0.28199742
3.13;0.275354979;0.446903573;0.450023458;0.447922997;0.76643568;7.98E-17;;;;3.01117531;0.28497648
3.14;0.279798554;0.444357476;0.438691494;0.436269759;0.76643568;1.91E-16;;;;3.02117531;0.28745062
3.15;0.284046512;0.424795778;0.410900062;0.392805035;0.76643568;-1.15E-15;;;;3.03117531;0.28921902
3.16;0.287640108;0.359359639;0.307819217;0.281968456;0.76643568;1.6E-15;;;;3.04106838;0.29008681
3.17;0.289843147;0.220303918;0.13278862;0.082298447;0.76643568;-1.08E-15;;;;3.05058869;0.28999039
3.18;0.289882351;0.003920374;-0.124947872;-0.163486317;0.76643568;3.47E-16;;;;3.05962477;0.28906207
3.19;0.28753857;-0.234378123;-0.343808375;-0.381033655;0.76643568;-2.11E-15;;;;3.06873936;0.28739771
3.2;0.283307935;-0.423063546;-0.502318716;-0.509296215;0.76643568;3.96E-16;;;;3.07858298;0.28494577
3.21;0.278004083;-0.530385141;-0.558451565;-0.571454432;0.76643568;1.2E-15;;;;3.08858298;0.28194614
3.22;0.27220202;-0.580206305;-0.601961045;-0.600839633;0.76643568;-6.94E-17;;;;3.09858298;0.27860053
3.23;0.26614983;-0.605218969;-0.608476893;-0.613528942;0.76643568;-7.11E-17;;;;3.10858298;0.27503674
3.24;0.260012627;-0.613720334;-0.618963776;-0.616641331;0.76643568;-9.02E-17;;;;3.11858298;0.27134422
3.25;0.253854834;-0.61577934;-0.612594905;-0.613625424;0.76643568;2.19E-16;;;;3.12858298;0.26758042
3.26;0.247749331;-0.610550282;-0.608505659;-0.606322226;0.76643568;2.95E-17;;;;3.13858298;0.26377772
3.27;0.241719491;-0.602983954;-0.59746225;-0.595785945;0.76643568;6.94E-17;;;;3.14858298;0.25994989
3.28;0.235810396;-0.590909515;-0.58435678;-0.582640008;0.76643568;9.89E-17;;;;3.15858298;0.25609764
3.29;0.230033048;-0.577734852;-0.571112924;-0.567242683;0.76643568;-4.89E-16;;;;3.16858298;0.25221333
3.3;0.224422732;-0.561031543;-0.550950162;-0.549764641;0.76643568;4.16E-17;;;;3.17858298;0.24828508
3.31;0.218987054;-0.543567836;-0.53618551;-0.530218039;0.76643568;1.39E-16;;;;3.18858298;0.2443002
3.32;0.2137603;-0.522675407;-0.509165304;-0.508449937;0.76643568;-2.22E-16;;;;3.19858298;0.24024822
3.33;0.208752067;-0.500823298;-0.492481291;-0.484096238;0.76643568;1.32E-16;;;;3.20858298;0.23612339
3.34;0.204004711;-0.474735558;-0.456989824;-0.456473213;0.76643568;3.99E-16;;;;3.21858298;0.23192659
3.35;0.199538331;-0.446638001;-0.436286178;-0.424347126;0.76643568;-3.82E-16;;;;3.22858298;0.22766657
3.36;0.195422778;-0.411555273;-0.386824367;-0.385438931;0.76643568;1.87E-16;;;;3.23858298;0.22336019
3.37;0.191715947;-0.370683103;-0.354541839;-0.335337729;0.76643568;1.1E-15;;;;3.24858298;0.21903197
3.38;0.188580964;-0.313498345;-0.272454851;-0.265345024;0.76643568;-8.40E-16;;;;3.25858298;0.21471304
3.39;0.186225407;-0.235555681;-0.198656512;-0.161345683;0.76643568;5.13E-16;;;;3.26858298;0.21044005
3.4;0.185044185;-0.118122174;-0.037587836;-0.022846029;0.76643568;-3.60E-16;;;;3.27858298;0.20625463
3.41;0.185213541;0.016935551;0.071458938;0.099045304;0.76643568;-5.52E-16;;;;3.28858298;0.20220387
3.42;0.186424683;0.121114179;0.170769421;0.167656135;0.76643568;-1.31E-16;;;;3.29858298;0.19834259
3.43;0.188213008;0.178832514;0.186895607;0.200314754;0.76643568;9.58E-16;;;;3.30858298;0.19473818
3.44;0.19025876;0.204575215;0.222254823;0.216437887;0.76643568;2.13E-16;;;;3.31858298;0.19147954
3.45;0.192450734;0.219197404;0.216139984;0.225373653;0.76643568;1.89E-16;;;;3.32858298;0.18869129
3.46;0.194713156;0.226242171;0.236344357;0.231184777;0.76643568;-8.80E-17;;;;3.33858298;0.18654857
3.47;0.197035222;0.232206581;0.228068806;0.235715285;0.76643568;-2.30E-16;;;;3.34669108;0.18542919
3.48;0.19939549;0.236026823;0.24398484;0.239858198;0.76643568;5.9E-17;;;;3.35473692;0.18496488
3.49;0.201801445;0.240595478;0.237206116;0.244071785;0.76643568;3.04E-17;;;;3.36333539;0.185186
3.5;0.204246125;0.244468018;0.251729921;0.248602336;0.76643568;1.33E-16;;;;3.37223126;0.18607012
3.51;0.206740677;0.249455263;0.247180606;0.253586953;0.76643568;3.99E-17;;;;3.3805029;0.18732384
3.52;0.209283115;0.254243806;0.261307007;0.259103952;0.76643568;1.00E-22;;;;3.3905029;0.18919587
3.53;0.211885158;0.26020426;0.259101512;0.265198884;0.76643568;-2.08E-17;;;;3.40016183;0.19123695
3.54;0.214546836;0.26616783;0.273234147;0.271898523;0.76643568;5.53E-17;;;;3.40970982;0.19339506
3.55;0.217279785;0.273294913;0.273355679;0.279218586;0.76643568;1.00E-22;;;;3.41970982;0.19575605
3.56;0.22008491;0.28051244;0.287669201;0.287168014;0.76643568;4.79E-17;;;;3.42970982;0.19819206
3.57;0.222973709;0.288879946;0.290090691;0.295751246;0.76643568;-1.41E-16;;;;3.43970982;0.20068779
3.58;0.225947398;0.297368868;0.304647046;0.304969204;0.76643568;7.2E-17;;;;3.44970982;0.20323551
3.59;0.229017438;0.307003997;0.309360948;0.31481933;0.76643568;2.95E-17;;;;3.45970982;0.20583187
3.6;0.232184953;0.316751474;0.324142;0.325294753;0.76643568;9.02E-17;;;;3.46970982;0.20847612
3.61;0.235461466;0.327651285;0.331160569;0.336382478;0.76643568;1.00E-22;;;;3.47970982;0.21116908
3.62;0.23884755;0.338608453;0.346056338;0.348060225;0.76643568;1.00E-22;;;;3.48970982;0.2139125
3.63;0.24235479;0.350723987;0.355391637;0.360291218;0.76643568;1.11E-16;;;;3.49970982;0.2167087
3.64;0.245982439;0.362764854;0.370138072;0.373015591;0.76643568;-9.02E-17;;;;3.50970982;0.2195603
3.65;0.249741841;0.375940229;0.381742385;0.386135934;0.76643568;1.41E-16;;;;3.51970982;0.22247001
3.66;0.25362931;0.388746877;0.39575137;0.399492154;0.76643568;-2.91E-16;;;;3.52970982;0.22544057
3.67;0.257654754;0.402544421;0.409337471;0.412815785;0.76643568;1.00E-22;;;;3.53970982;0.22847454
3.68;0.26180749;0.415273588;0.421209704;0.42564242;0.76643568;7.11E-17;;;;3.54970982;0.23157428
3.69;0.266091652;0.428416207;0.43562271;0.437132559;0.76643568;-1.13E-16;;;;3.55970982;0.23474181
3.7;0.270477087;0.438543552;0.441464393;0.44567591;0.76643568;1.00E-22;;;;3.56970982;0.23797867
3.71;0.274943967;0.446687947;0.4519115;0.447939342;0.76643568;-1.80E-16;;;;3.57970982;0.24128575
3.72;0.27939139;0.444742359;0.437573217;0.436402214;0.76643568;-1.70E-16;;;;3.58970982;0.24466313
3.73;0.283674344;0.42829535;0.419017483;0.39320465;0.76643568;1.1E-15;;;;3.59970982;0.24810976
3.74;0.287350023;0.367567913;0.316118343;0.282867121;0.76643568;-1.17E-15;;;;3.60970982;0.25162307
3.75;0.289723759;0.237373578;0.158628813;0.08363229;0.76643568;6.5E-15;;;;3.61970982;0.25519843
3.76;0.289980984;0.025722551;-0.107183712;-0.162070368;0.76643568;-9.30E-16;;;;3.62970982;0.2588284
3.77;0.287844601;-0.213638311;-0.32009291;-0.380030643;0.76643568;-9.99E-16;;;;3.63970982;0.2625016
3.78;0.283760822;-0.408377905;-0.4966629;-0.508790596;0.76643568;3.33E-16;;;;3.64970982;0.26620108
3.79;0.278521562;-0.523926012;-0.551189125;-0.571213903;0.76643568;-7.98E-16;;;;3.65970982;0.26990197
3.8;0.272757493;-0.576406873;-0.601624621;-0.600728454;0.76643568;5.98E-17;;;;3.66970982;0.27356799
3.81;0.266717773;-0.603972033;-0.606319444;-0.61348799;0.76643568;-4.86E-17;;;;3.67970982;0.27714632
3.82;0.260588539;-0.612923384;-0.619527324;-0.616643255;0.76643568;-1.20E-16;;;;3.68970982;0.28056052
3.83;0.254427907;-0.616063211;-0.612599098;-0.613656196;0.76643568;2.95E-17;;;;3.69970982;0.28370159
3.84;0.248318995;-0.61089116;-0.609183222;-0.606374024;0.76643568;2.08E-17;;;;3.70970982;0.2864199
3.85;0.242279264;-0.603973149;-0.598763076;-0.595854179;0.76643568;1.00E-22;;;;3.71970982;0.28852655
3.86;0.236360657;-0.591860655;-0.584958233;-0.582721965;0.76643568;1.99E-16;;;;3.72970982;0.28981943
3.87;0.230568893;-0.579176404;-0.573394574;-0.567336893;0.76643568;-2.60E-16;;;;3.73928496;0.29014987
3.88;0.224944781;-0.562411188;-0.551427803;-0.549870587;0.76643568;-1.30E-16;;;;3.74843417;0.28959542
3.89;0.219490792;-0.54539893;-0.539370058;-0.5303361;0.76643568;5.13E-16;;;;3.75754924;0.28825789
3.9;0.214246272;-0.52445196;-0.509533862;-0.508581521;0.76643568;-2.95E-17;;;;3.76696676;0.28618895
3.91;0.209215169;-0.503110316;-0.49668677;-0.484244197;0.76643568;-4.30E-16;;;;3.77696676;0.28341133
3.92;0.204444978;-0.477019167;-0.457351563;-0.456642724;0.76643568;4.16E-17;;;;3.78696676;0.28021442
3.93;0.199948401;-0.449657704;-0.441963844;-0.424547565;0.76643568;1.04E-16;;;;3.79696676;0.27674474
3.94;0.195800707;-0.414769355;-0.387574866;-0.38568796;0.76643568;1.00E-22;;;;3.80696676;0.27310886
3.95;0.192047285;-0.375342206;-0.363109546;-0.335670195;0.76643568;5E-16;;;;3.81696676;0.26937825
3.96;0.188855054;-0.319223137;-0.275336727;-0.265828086;0.76643568;-1.38E-15;;;;3.82696676;0.26559622
3.97;0.186404836;-0.245021726;-0.214706724;-0.16206029;0.76643568;2.2E-15;;;;3.83696676;0.2617846
3.98;0.185101133;-0.130370351;-0.046033978;-0.023659318;0.76643568;1.51E-15;;;;3.84696676;0.25794968
3.99;0.185143942;0.004280926;0.05459583;0.098500174;0.76643568;-5.20E-16;;;;3.85696676;0.25408731
4;0.186272638;0.112869551;0.171143272;0.167389569;0.76643568;1.11E-16;;;;3.86696676;0.25018723
4.01;0.188025062;0.175242468;0.179341665;0.20018765;0.76643568;-5.20E-16;;;;3.87696676;0.24623683
4.02;0.190047584;0.202252177;0.22516269;0.216371567;0.76643568;-2.58E-16;;;;3.88696676;0.24222427
4.03;0.192230502;0.218291818;0.211420945;0.225333832;0.76643568;-3.19E-16;;;;3.89696676;0.2381413
4.04;0.194482992;0.225248931;0.239076916;0.231156302;0.76643568;3.99E-17;;;;3.90696676;0.23398542
4.05;0.196800323;0.231733175;0.224389434;0.235691023;0.76643568;2.95E-17;;;;3.91696676;0.22976147
4.06;0.199153238;0.235291486;0.246193538;0.239834575;0.76643568;1.8E-16;;;;3.92696676;0.22548234
4.07;0.201554448;0.240121017;0.234048495;0.244046916;0.76643568;2.2E-16;;;;3.93696676;0.22116884
4.08;0.203991717;0.243726863;0.253405231;0.248575187;0.76643568;-1.55E-16;;;;3.94696676;0.21684888
4.09;0.206480485;0.248876831;0.24434843;0.25355694;0.76643568;-3.30E-16;;;;3.95696676;0.21255636
4.1;0.209014639;0.253415347;0.262482264;0.259070737;0.76643568;-5.64E-17;;;;3.96696676;0.20833029
4.11;0.211609582;0.259494283;0.256506301;0.265162268;0.76643568;2.95E-17;;;;3.97696676;0.20421465
4.12;0.214261802;0.265222047;0.273937793;0.271858391;0.76643568;2.63E-16;;;;3.98696676;0.20025967
4.13;0.216986267;0.272446454;0.270955115;0.279174869;0.76643568;1.7E-16;;;;3.99696676;0.19652521
4.14;0.21978063;0.279436357;0.287917599;0.287120675;0.76643568;-1.25E-16;;;;4.00696676;0.19308726
4.15;0.222659555;0.287892474;0.28786735;0.295700271;0.76643568;-1.30E-16;;;;4.01696676;0.19004928
4.16;0.225621115;0.29615598;0.30444461;0.304914597;0.76643568;8.5E-17;;;;4.02696676;0.1875579
4.17;0.228679913;0.305879793;0.307314975;0.314761116;0.76643568;-2.12E-16;;;;4.03552989;0.18600508
4.18;0.2318339;0.315398744;0.323482514;0.325232987;0.76643568;-8.89E-17;;;;4.04405961;0.18512756
4.19;0.235097859;0.326395866;0.329309219;0.336317258;0.76643568;2.95E-17;;;;4.05252553;0.18498427
4.2;0.238469029;0.337117001;0.344924784;0.347991713;0.76643568;1.00E-22;;;;4.0612131;0.18553404
4.21;0.241962527;0.349349862;0.35377494;0.36021968;0.76643568;-2.08E-17;;;;4.07063763;0.18674267
4.22;0.245573975;0.361144786;0.368514632;0.372941458;0.76643568;1.49E-16;;;;4.07917199;0.18820904
4.23;0.249318745;0.374476946;0.38043926;0.386059914;0.76643568;-1.21E-16;;;;4.08726871;0.18980904
4.24;0.25318906;0.38703156;0.393623861;0.399415413;0.76643568;8.85E-17;;;;4.09726871;0.19196531
4.25;0.257199721;0.401066121;0.408508381;0.412740305;0.76643568;2.95E-17;;;;4.10649408;0.19407214
4.26;0.261335359;0.413563767;0.418619153;0.425571691;0.76643568;-1.41E-16;;;;4.11649408;0.19644332
4.27;0.265606658;0.42712988;0.435640608;0.437073042;0.76643568;-2.47E-17;;;;4.12649408;0.19888321
4.28;0.269978377;0.437171877;0.438703146;0.445640384;0.76643568;-1.70E-16;;;;4.13649408;0.20137933
4.29;0.274441333;0.446295598;0.453888051;0.447955261;0.76643568;1.7E-16;;;;4.14649408;0.20392567
4.3;0.278892261;0.445092807;0.436297563;0.436533688;0.76643568;7.98E-17;;;;4.15649408;0.20651985
4.31;0.283212547;0.432028646;0.427759729;0.393602065;0.76643568;5E-16;;;;4.16649408;0.20916172
4.32;0.286980969;0.376842134;0.32592454;0.283762587;0.76643568;-3.52E-15;;;;4.17649408;0.21185247
4.33;0.289552732;0.257176363;0.188428187;0.084964622;0.76643568;-2.98E-16;;;;4.18649408;0.21459408
4.34;0.290072033;0.051930108;-0.084567971;-0.160653596;0.76643568;-5.69E-16;;;;4.19649408;0.21738901
4.35;0.288195546;-0.187648711;-0.290729451;-0.379024339;0.76643568;-9.99E-16;;;;4.20649408;0.22023993
4.36;0.284301251;-0.389429503;-0.488129555;-0.508282828;0.76643568;1.00E-22;;;;4.21649408;0.2231496
4.37;0.279148191;-0.515305997;-0.54248244;-0.570972347;0.76643568;6.94E-16;;;;4.22649408;0.22612075
4.38;0.273433406;-0.571478498;-0.600474556;-0.600616747;0.76643568;6.07E-17;;;;4.23649408;0.22915592
4.39;0.267411319;-0.602208714;-0.603942872;-0.613446731;0.76643568;8.33E-17;;;;4.24649408;0.23225742
4.4;0.26129238;-0.611893901;-0.619844929;-0.61664498;0.76643568;-6.94E-17;;;;4.25649408;0.23542719
4.41;0.255129598;-0.61627821;-0.61271149;-0.613686829;0.76643568;-7.81E-17;;;;4.26649408;0.23866668
4.42;0.249016587;-0.611301133;-0.609890776;-0.606425718;0.76643568;3.99E-17;;;;4.27649408;0.24197664
4.43;0.24296573;-0.605085689;-0.600280602;-0.595922328;0.76643568;2.78E-17;;;;4.28649408;0.24535698
4.44;0.237035427;-0.593030263;-0.585779923;-0.582803849;0.76643568;6.94E-17;;;;4.29649408;0.2488064
4.45;0.231226875;-0.580855206;-0.575930489;-0.567431035;0.76643568;-4.16E-17;;;;4.30649408;0.25232201
4.46;0.225585781;-0.564109356;-0.552288222;-0.549976466;0.76643568;7.98E-17;;;;4.31649408;0.25589876
4.47;0.220110234;-0.547554755;-0.542821287;-0.530454087;0.76643568;-7.01E-16;;;;4.32649408;0.25952861
4.48;0.214843865;-0.526636929;-0.510452571;-0.508713021;0.76643568;-2.95E-17;;;;4.33649408;0.26319932
4.49;0.20978576;-0.50581042;-0.501168269;-0.484392051;0.76643568;6.94E-17;;;;4.34649408;0.2668928
4.5;0.204987544;-0.479821687;-0.458475105;-0.45681209;0.76643568;-7.98E-17;;;;4.35649408;0.2705825
4.51;0.200455422;-0.453212162;-0.44794922;-0.424747787;0.76643568;6.04E-16;;;;4.36649408;0.27422969
4.52;0.196268531;-0.418689134;-0.389429048;-0.385936634;0.76643568;1.8E-16;;;;4.37649408;0.27777813
4.53;0.192460797;-0.380773349;-0.37211765;-0.336002031;0.76643568;-1.30E-15;;;;4.38649408;0.2811465
4.54;0.189199922;-0.326087552;-0.280057454;-0.266310022;0.76643568;5.31E-16;;;;4.39649408;0.28421949
4.55;0.18663999;-0.255993155;-0.231928857;-0.162773555;0.76643568;-2.80E-15;;;;4.40649408;0.2868405
4.56;0.18518915;-0.145083975;-0.058239092;-0.024473201;0.76643568;-4.03E-15;;;;4.41649408;0.28881607
4.57;0.185072008;-0.011714234;0.034810624;0.097953104;0.76643568;1.11E-15;;;;4.42649408;0.28994773
4.58;0.186093911;0.102190268;0.169569911;0.167121843;0.76643568;4.52E-17;;;;4.43604236;0.29011087
4.59;0.187796958;0.170304743;0.171039576;0.20006003;0.76643568;1.87E-16;;;;4.44513825;0.28941109
4.6;0.189789461;0.199250279;0.227460982;0.216305024;0.76643568;-1.60E-16;;;;4.45425476;0.28794777
4.61;0.191959502;0.217004071;0.206547159;0.225293913;0.76643568;-6.31E-16;;;;4.4638156;0.28574093
4.62;0.19419942;0.223991832;0.241436504;0.231127786;0.76643568;-4.20E-16;;;;4.4738156;0.28288123
4.63;0.19650994;0.231052012;0.220667519;0.235666749;0.76643568;-2.20E-16;;;;4.4838156;0.27963153
4.64;0.198853593;0.23436533;0.248063142;0.239810955;0.76643568;1.39E-16;;;;4.4938156;0.27613082
4.65;0.201248176;0.239458281;0.230853421;0.244022058;0.76643568;1.91E-16;;;;4.5038156;0.27247886
4.66;0.20367609;0.242791337;0.254729254;0.248548054;0.76643568;-2.95E-17;;;;4.5138156;0.26874159
4.67;0.206157007;0.248091731;0.241454208;0.253526944;0.76643568;1.8E-16;;;;4.5238156;0.2649581
4.68;0.208680683;0.252367653;0.263281098;0.25903754;0.76643568;3.1E-16;;;;4.5338156;0.26114715
4.69;0.211266162;0.258547853;0.253814607;0.265125672;0.76643568;1.7E-16;;;;4.5438156;0.25731294
4.7;0.213906414;0.264025228;0.274235849;0.271818279;0.76643568;3.06E-16;;;;4.5538156;0.25345008
4.71;0.216619692;0.271327772;0.268419694;0.279131172;0.76643568;-4.86E-17;;;;4.5638156;0.24954772
4.72;0.219400441;0.278074918;0.287730142;0.287073358;0.76643568;1.38E-16;;;;4.5738156;0.24559324
4.73;0.222266435;0.286599386;0.285468629;0.295649317;0.76643568;6.94E-17;;;;4.5838156;0.24157528
4.74;0.22521266;0.29462247;0.303776311;0.304860011;0.76643568;-2.71E-17;;;;4.5938156;0.23748643
4.75;0.228256798;0.30441385;0.305051388;0.314702924;0.76643568;2.08E-17;;;;4.6038156;0.23332532
4.76;0.231393698;0.313690022;0.322328657;0.325171242;0.76643568;-2.56E-17;;;;4.6138156;0.22909803
4.77;0.234641323;0.324762494;0.32719633;0.336252057;0.76643568;7.11E-17;;;;4.6238156;0.22481871
4.78;0.237993675;0.335235134;0.343273938;0.347923219;0.76643568;-9.54E-18;;;;4.6338156;0.22050927
4.79;0.2414693;0.347562586;0.351851234;0.360148158;0.76643568;-2.08E-17;;;;4.6438156;0.21619853
4.8;0.245060331;0.35910306;0.366354887;0.372867339;0.76643568;9.02E-17;;;;4.6538156;0.21192107
4.81;0.248786021;0.372569019;0.378783151;0.385983901;0.76643568;-1.60E-16;;;;4.6638156;0.20771644
4.82;0.252634741;0.384871985;0.390960818;0.399338671;0.76643568;-2.01E-16;;;;4.6738156;0.20362922
4.83;0.256625965;0.399122347;0.407283875;0.41266481;0.76643568;2.3E-16;;;;4.6838156;0.19971049
4.84;0.260740067;0.411410273;0.41553667;0.425500921;0.76643568;1.98E-16;;;;4.6938156;0.19602151
4.85;0.264993945;0.425387788;0.435238906;0.437013433;0.76643568;-2.50E-16;;;;4.7038156;0.19264078
4.86;0.269348191;0.435424568;0.43561023;0.445604663;0.76643568;1.28E-16;;;;4.7138156;0.18967585
4.87;0.273803742;0.44555512;0.45550001;0.447970754;0.76643568;2.29E-16;;;;4.7238156;0.18727882
4.88;0.278257429;0.445368646;0.435237282;0.436664185;0.76643568;5.42E-17;;;;4.73227025;0.1858403
4.89;0.282616776;0.435934754;0.436632226;0.39399729;0.76643568;1.00E-22;;;;4.74067765;0.18507094
4.9;0.286491592;0.387481633;0.33833104;0.284654852;0.76643568;8.88E-16;;;;4.74929362;0.1850193
4.91;0.289296747;0.280515467;0.222699893;0.08629543;0.76643568;-2.78E-16;;;;4.75806215;0.1856566
4.92;0.290141232;0.08444847;-0.053802953;-0.159236021;0.76643568;1.00E-22;;;;4.76738434;0.18690729
4.93;0.288603994;-0.153723824;-0.253644695;-0.378014743;0.76643568;-8.88E-16;;;;4.77605238;0.18842397
4.94;0.284964979;-0.363901442;-0.47415819;-0.507772903;0.76643568;-2.98E-16;;;;4.78432754;0.19007447
4.95;0.279934988;-0.502999128;-0.531840066;-0.570729759;0.76643568;5.83E-16;;;;4.79432754;0.1922384
4.96;0.274287346;-0.564764222;-0.597688379;-0.600504511;0.76643568;1.7E-16;;;;4.80404862;0.19446023
4.97;0.268292124;-0.599522187;-0.601355995;-0.613405166;0.76643568;-3.12E-16;;;;4.81404862;0.19683002
4.98;0.262187135;-0.610498915;-0.619641835;-0.616646508;0.76643568;-9.89E-17;;;;4.82404862;0.19926497
4.99;0.25602401;-0.616312418;-0.612983;-0.613717323;0.76643568;2.79E-16;;;;4.83404862;0.2017542
5;0.24990593;-0.611807996;-0.610632993;-0.606477307;0.76643568;1.00E-22;;;;4.84404862;0.2042926
