time,kinetic_energy,potential_energy,total_energy,L_1,L_2,L_3,P_1,P_2,P_3,energy_increment,external_power,external_work,power_balance,angmom_increment_1,angmom_increment_2,angmom_increment_3,linmom_increment_1,linmom_increment_2,linmom_increment_3,center_of_mass_1,center_of_mass_2,center_of_mass_3,center_of_mass_difference_1,center_of_mass_difference_2,center_of_mass_difference_3
0,0,0,0,0,0,0,0,0,0,0.0180811083804178,0.180811083804179,0.0180811083804179,-1.2490009027033e-16,6.44135784207828e-08,0.399981211083808,0.19998910753665,0.0400000000000101,1.0842021724855e-18,6.00778107817668e-15,3,0,4,1.33226762955019e-15,0,2.66453525910038e-15
0.1,0.00879538770357809,0.00928572067683968,0.0180811083804178,-6.44135784207828e-08,0.399981211083808,0.19998910753665,0.0400000000000101,1.0842021724855e-18,6.00778107817668e-15,0.159734724629367,1.59734724629368,0.159734724629368,-6.93889390390723e-16,1.55389871354765e-06,1.19961894902734,0.599774401013189,0.119999999999989,2.81892564846231e-18,1.95459967655687e-15,3.0002,5.42101086242752e-21,4,6.66666666653271e-05,5.42101086242752e-21,2.66453525910038e-15
0.2,0.0796242634178428,0.0981915695919422,0.177815833009785,-1.61831229196843e-06,1.59960016011114,0.799763508549839,0.16,-1.73472347597681e-18,7.96238075473354e-15,0.409250513692064,4.09250513692065,0.409250513692065,-1.0547118733939e-15,6.25439266291675e-06,1.99796519346461,0.998756844847703,0.200000000000003,3.29597460435593e-17,5.96050986345631e-15,3.0012,0,4,0.00013333333333243,0,2.22044604925031e-15
0.3,0.256087841399859,0.330978505301991,0.587066346701849,-7.87270495488518e-06,3.59756535357576,1.79852035339754,0.360000000000003,3.12250225675825e-17,2.00187089127724e-15,0.766613370266992,7.66613370266992,0.766613370266992,3.33066907387547e-16,1.5023657293306e-05,2.79350847504013,1.3959403772883,0.280000000000002,6.93889390390723e-18,2.63573884939916e-14,3.0038,8.67361737988404e-20,4,0.00019999999999909,8.67361737988404e-20,2.22044604925031e-15
0.4,0.564630597415717,0.789049119553124,1.35367971696884,-2.28963622481912e-05,6.39107382861588,3.19446073068584,0.640000000000005,3.81639164714898e-17,2.83592593852688e-14,1.1931225177104,11.9312251771041,1.19312251771041,-1.68753899743024e-14,2.35346188900698e-05,3.58451553905963,1.79014112644625,0.359999999999996,1.73472347597681e-17,7.90340015655033e-15,3.0088,5.20417042793042e-19,4,0.000266666666666193,5.20417042793042e-19,2.66453525910038e-15
0.5,1.02054514872784,1.5262570859514,2.54680223467924,-4.6430981138261e-05,9.97558936767551,4.98460185713209,1,2.08166817117217e-17,3.62626595418192e-14,1.6610872884507,16.610872884507,1.6610872884507,-2.44249065417534e-15,3.37560247576571e-05,4.36924939069164,2.18013269689734,0.440000000000002,6.93889390390723e-17,4.08006961549745e-15,3.017,6.93889390390723e-19,4,0.000333333333331964,6.93889390390723e-19,2.66453525910038e-15
0.6,1.63851578982071,2.56937373330923,4.20788952312994,-8.01870058959181e-05,14.3448387583672,7.16473455402942,1.44,9.0205620750794e-17,3.21825899263217e-14,2.21503648632035,22.1503648632035,2.21503648632035,0,4.24959678360093e-05,5.1460157179718,2.56468108893051,0.519999999999976,5.55111512312578e-17,7.85482789922298e-15,3.0292,3.46944695195361e-18,4,0.000399999999999068,3.46944695195361e-18,2.22044604925031e-15
0.7,2.43357235964615,3.98935364980414,6.42292600945029,-0.000122682973731927,19.4908544763389,9.72941564295993,1.95999999999998,1.45716771982052e-16,4.00374178255447e-14,2.76692644666264,27.6692644666263,2.76692644666264,5.77315972805081e-15,4.12919629299846e-05,5.91354193629342,2.94280696771016,0.600000000000009,1.2490009027033e-16,3.20576898360514e-15,3.0462,4.16333634234434e-18,4,0.000466666666665727,4.16333634234434e-18,1.33226762955019e-15
0.8,3.4263504795591,5.76350197655383,9.18985245611293,-0.000163974936661912,25.4043964126324,12.6722226106701,2.55999999999999,2.70616862252382e-16,3.68316488419396e-14,3.37195996277322,33.7195996277322,3.37195996277322,-1.77635683940025e-15,3.82970210721506e-05,6.67058645079769,3.3136242187801,0.680000000000003,9.0205620750794e-17,8.93729534823251e-15,3.0688,5.55111512312578e-18,4,0.000533333333332386,5.55111512312578e-18,8.88178419700125e-16
0.9,4.64048599024417,7.92132642864198,12.5618124188861,-0.000202271957734063,32.0749828634301,15.9858468294502,3.23999999999999,3.60822483003176e-16,2.78943534937071e-14,4.00973746793844,40.0973746793843,4.00973746793843,6.21724893790088e-15,2.99845320793218e-05,7.41647389191816,3.67655888175912,0.76,3.46944695195361e-16,4.63518112781003e-15,3.0978,8.32667268468867e-18,4,0.000599999999998602,8.32667268468867e-18,8.88178419700125e-16
1,6.08298762938908,10.4885622574355,16.5715498868246,-0.000232256489813384,39.4914567553482,19.6624057112093,3.99999999999999,7.07767178198537e-16,2.3259172365897e-14,4.67410781989646,46.7410781989646,4.67410781989646,5.32907051820075e-15,1.76744964684589e-05,8.15084342013226,4.03132782169088,0.839999999999991,3.05311331771918e-16,2.04558592287185e-14,3.134,1.66533453693773e-17,4,0.000666666666665261,1.66533453693773e-17,0
1.1,7.73840184482666,13.5072558618944,21.245657706721,-0.000249930986281843,47.6423001754805,23.6937335329002,4.83999999999998,1.01307850997046e-15,2.80331313717852e-15,5.37726164891412,53.7726164891411,5.37726164891411,8.88178419700125e-15,3.06152125686965e-06,8.87374852230761,4.37792460578344,0.919999999999987,2.35922392732846e-16,1.01585406753202e-14,3.1782,1.66533453693773e-17,4,0.00073333333333192,1.66533453693773e-17,0
1.2,9.6156287798198,17.0072905758154,26.6229193556352,-0.000246869465024974,56.5160486977881,28.0716581386836,5.75999999999997,1.2490009027033e-15,1.29618538124987e-14,6.14066775820254,61.4066775820251,6.14066775820251,2.1316282072803e-14,1.19830324983305e-05,9.58578374940836,4.71671066812238,1.00000000000002,4.9960036108132e-16,1.96231919602496e-14,3.2312,3.88578058618805e-17,4,0.00079999999999858,3.88578058618805e-17,0
1.3,11.8305248841534,20.9330622296844,32.7635871138377,-0.000234886432526643,66.1018324471965,32.788368806806,6.75999999999999,1.74860126378462e-15,3.25850457727483e-14,6.96610336970114,69.6610336970113,6.96610336970113,3.5527136788005e-15,1.8080169807172e-05,10.2879163722702,5.04834013645365,1.07999999999999,8.32667268468867e-17,5.55111512312578e-16,3.2938,3.88578058618805e-17,4,0.000866666666664795,3.88578058618805e-17,8.88178419700125e-16
1.4,14.5711215455056,25.1585689380333,39.7296904835388,-0.000216806262719471,76.3897488194666,37.8367089432597,7.83999999999998,1.66533453693773e-15,3.20299342604358e-14,7.80309822088813,78.0309822088812,7.80309822088812,8.88178419700125e-15,2.30462983206725e-05,10.9815504780175,5.37376740197232,1.16,8.32667268468867e-17,6.20337115009306e-15,3.3668,7.21644966006352e-17,4,0.000933333333331454,7.21644966006352e-17,8.88178419700125e-16
1.5,17.9775019699671,29.5552867344599,47.532788704427,-0.000193759964398799,87.3712992974841,43.210476345232,8.99999999999998,1.58206781009085e-15,3.82333054105288e-14,8.75690097889347,87.5690097889344,8.75690097889344,3.37507799486048e-14,6.4571300537053e-06,11.6678888412803,5.69404747830879,1.24,5.27355936696949e-16,9.71445146547012e-15,3.451,8.32667268468867e-17,4,0.000999999999997669,8.32667268468867e-17,1.77635683940025e-15
1.6,22.1722048288446,34.1174848544759,56.2896896833204,-0.000187302834345093,99.0391881387644,48.9045238235408,10.24,2.1094237467878e-15,2.85188539450587e-14,9.6648894423395,96.6488944233953,9.66488944233953,-3.19744231092045e-14,2.00158662461702e-05,12.348934873538,6.01070199345804,1.31999999999998,0,2.76167977375508e-15,3.5472,9.43689570931383e-17,4,0.00106666666666433,9.43689570931383e-17,8.88178419700125e-16
1.7,27.2817953000066,38.6727838256533,65.9545791256599,-0.000207318700591264,111.388123012302,54.9152258169988,11.56,2.1094237467878e-15,2.57571741713036e-14,10.5165190490878,105.165190490877,10.5165190490877,3.5527136788005e-14,7.23153799215837e-05,13.0263420984674,6.325201551379,1.4,7.07767178198537e-16,1.21846976952611e-14,3.6562,1.11022302462516e-16,4,0.00113333333333054,1.11022302462516e-16,1.77635683940025e-15
1.8,33.4125551511865,43.0585430235612,76.4710981747477,-0.000279634080512847,124.41446511077,61.2404273683778,12.96,1.40165656858926e-15,1.35724764760425e-14,11.3316321709545,113.316321709545,11.3316321709545,-5.32907051820075e-15,0.000161006294775168,13.7021034341614,6.63915722262667,1.48000000000001,1.80411241501588e-16,1.56819002228303e-14,3.7788,1.33226762955019e-16,4,0.00119999999999765,1.33226762955019e-16,1.77635683940025e-15
1.9,40.6865758603193,47.116154485383,87.8027303457022,-0.000440640375288015,138.116568544931,67.8795845910045,14.44,1.22124532708767e-15,-2.1094237467878e-15,11.947218543057,119.47218543057,11.947218543057,3.5527136788005e-15,0.000337809751091434,14.379257676644,6.95468659936891,1.56,1.04083408558608e-16,2.77555756156289e-15,3.9158,1.66533453693773e-16,4,0.00126666666666342,1.66533453693773e-16,1.77635683940025e-15
2,49.2261697505226,50.5237791382367,99.7499488887593,-0.000778450126379449,152.495826221575,74.8342711903734,16,1.32532873564628e-15,-4.88498130835069e-15,12.5068815506238,125.068815506237,12.5068815506237,4.44089209850063e-14,0.000620107230049682,15.0610466373879,7.27402571166071,1.64000000000001,1.35308431126191e-16,8.70137295549966e-15,4.068,1.33226762955019e-16,4,0.00133333333333052,1.33226762955019e-16,1.77635683940025e-15
2.1,59.169133344074,53.087697095309,112.256830439383,-0.00139855735642913,167.556872858963,82.1082969020341,17.64,1.19002030452009e-15,-1.35863542638504e-14,13.2778254349725,132.778254349724,13.2778254349724,4.2632564145606e-14,0.0010441926175021,15.7531519249873,7.60040052611787,1.72000000000001,1.87697080100691e-15,1.30451205393456e-14,4.2362,1.4432899320127e-16,4,0.00139999999999585,1.4432899320127e-16,1.77635683940025e-15
2.2,70.6298133600756,54.90484251428,125.534655874356,-0.00244274997393124,183.31002478395,89.708697428152,19.36,-6.86950496486816e-16,-5.41233724504764e-16,14.6489232711115,146.489232711115,14.6489232711115,4.79616346638068e-14,0.00164054583876194,16.4646461848544,7.9391645436471,1.80000000000002,4.02455846426619e-16,8.47238945667073e-15,4.4212,1.66533453693773e-16,4,0.00146666666666295,1.66533453693773e-16,1.77635683940025e-15
2.3,83.7438823584385,56.4396967870285,140.183579145467,-0.00408329581269318,199.774670968805,97.6478619717991,21.16,-1.08940634291343e-15,7.93115573216596e-15,16.9537212709752,169.537212709752,16.9537212709752,4.61852778244065e-14,0.0023388889429673,17.2090917926131,8.2989908312241,1.88,8.53483950180589e-16,3.76781938982163e-15,4.6238,1.66533453693773e-16,4,0.00153333333333006,1.66533453693773e-16,1.77635683940025e-15
2.4,98.7283394059489,58.4089610104934,157.137300416442,-0.00642218475566048,216.983762761418,105.946852803023,23.04,-2.35922392732846e-16,1.16989751219876e-14,20.4154436874209,204.154436874209,20.4154436874209,-1.77635683940025e-14,0.00298881524344097,18.0049903943193,8.69268230836593,1.96,1.29063426612674e-15,1.3836154444391e-14,4.8448,1.77635683940025e-16,4,0.00159999999999716,1.77635683940025e-16,1.77635683940025e-15
2.5,115.887486612196,61.6652574916676,177.552744103863,-0.00941099999910144,234.988753155737,114.639535111389,25,1.0547118733939e-15,-2.13717932240343e-15,21.91380539964,219.138053996399,21.9138053996399,8.5265128291212e-14,0.00323425065008776,18.1450371984538,8.78444877918888,1.96000000000002,1.16573417585641e-15,7.82707232360735e-15,5.085,1.4432899320127e-16,4,0.00166666666666249,1.4432899320127e-16,8.88178419700125e-16
2.6,134.587147974925,64.8794015285777,199.466549503503,-0.0126452506491892,253.133790354191,123.423983890578,26.96,-1.11022302462516e-16,5.68989300120393e-15,20.6804620247604,206.804620247603,20.6804620247603,1.13686837721616e-13,0.00318385077096883,17.6267515351936,8.57581132078839,1.88,1.60982338570648e-15,1.1296519275561e-14,5.3448,1.94289029309402e-16,4,0.00159999999999538,1.94289029309402e-16,1.77635683940025e-15
2.7,154.033308003982,66.1137035242819,220.147011528264,-0.015829101420158,270.760541889385,131.999795211366,28.84,-1.72084568816899e-15,-5.60662627435704e-15,19.7662909206292,197.66290920629,19.766290920629,1.49213974509621e-13,0.00310273717037346,17.168197009673,8.4156085291684,1.80000000000003,7.49400541621981e-16,4.05231403988182e-15,5.6238,1.72084568816899e-16,4,0.00153333333332828,1.72084568816899e-16,1.77635683940025e-15
2.8,174.349411609541,65.5638908393515,239.913302448893,-0.0189318385905315,287.928738899058,140.415403740535,30.6400000000001,-2.47024622979097e-15,-9.65894031423886e-15,18.7768071651896,187.768071651895,18.7768071651895,6.75015598972095e-14,0.00297352758313119,16.7625417961602,8.30216374003328,1.72000000000001,1.02695629777827e-15,9.43689570931383e-16,5.9212,1.33226762955019e-16,4,0.00146666666666562,1.33226762955019e-16,1.77635683940025e-15
2.9,195.460637608465,63.2294720056169,258.690109614082,-0.0219053661736627,304.691280695218,148.717567480568,32.3600000000001,-3.49720252756924e-15,-8.71525074330748e-15,18.5221702613421,185.221702613421,18.5221702613421,1.06581410364015e-14,0.00255036643486128,16.3968370529796,8.22936344112776,1.64000000000001,7.7715611723761e-16,9.93649607039515e-15,6.2362,9.99200722162641e-17,4,0.00139999999999763,9.99200722162641e-17,1.77635683940025e-15
3,217.311902094412,59.9003777810122,277.212279875424,-0.024455732608524,321.088117748197,156.946930921696,34.0000000000001,-4.27435864480685e-15,1.22124532708767e-15,19.0754420370136,190.754420370133,19.0754420370133,2.91322521661641e-13,0.00209222286402877,16.060453975317,8.19067336497451,1.56000000000001,4.9960036108132e-16,9.32587340685131e-15,6.568,5.27355936696949e-17,4,0.00133333333333141,5.27355936696949e-17,8.88178419700125e-16
3.1,239.900914425205,56.3868074872336,296.287721912438,-0.0265479554725527,337.148571723514,165.13760428667,35.5600000000001,-4.77395900588817e-15,-8.10462807976364e-15,19.4104130818253,194.104130818251,19.4104130818251,2.34479102800833e-13,0.00187838826446352,15.7457129104161,8.17995886521717,1.48000000000003,5.55111512312578e-16,1.88737914186277e-15,6.9158,2.22044604925031e-17,4,0.00126666666666342,2.22044604925031e-17,1.77635683940025e-15
3.2,263.217779384186,52.4803556100774,315.698134994263,-0.0284263437370162,352.894284633931,173.317563151887,37.0400000000001,-5.32907051820075e-15,-6.21724893790088e-15,19.8186881070917,198.186881070916,19.8186881070916,6.3948846218409e-14,0.00198577058766503,15.4362948480392,8.18462752849371,1.39999999999998,2.22044604925031e-16,1.19904086659517e-14,7.2788,-3.33066907387547e-17,4,0.0011999999999972,3.33066907387547e-17,1.77635683940025e-15
3.3,287.265038115515,48.2517849858397,335.516823101355,-0.0304121143246813,368.33057948197,181.502190680381,38.4400000000001,-5.10702591327572e-15,5.77315972805081e-15,20.1515630271658,201.515630271655,20.1515630271655,3.37507799486048e-13,0.00237072189898291,15.1164377069798,8.19081136782228,1.32000000000005,9.99200722162641e-16,8.21565038222616e-15,7.6562,-9.99200722162641e-17,4,0.00113333333333809,9.99200722162641e-17,1.77635683940025e-15
3.4,312.10674159403,43.5616445344905,355.668386128521,-0.0327828362236642,383.44701718895,189.693002048203,39.7600000000001,-6.10622663543836e-15,-2.44249065417534e-15,20.7136255015481,207.136255015478,20.7136255015478,2.98427949019242e-13,0.0025516983690782,14.7672589944347,8.181259288809,1.24000000000002,9.99200722162641e-16,7.88258347483861e-15,8.0472,-1.33226762955019e-16,4,0.0010666666666701,1.33226762955019e-16,1.77635683940025e-15
3.5,337.830754936047,38.5512566940219,376.382011630069,-0.0353345345927424,398.214276183384,197.874261337012,41.0000000000002,-7.105427357601e-15,-1.0325074129014e-14,21.3386651741022,213.38665174102,21.338665174102,1.84741111297626e-13,0.00251158006140495,14.3716862256179,8.13929148667782,1.16000000000003,4.88498130835069e-15,3.88578058618805e-15,8.45100000000001,-1.99840144432528e-16,4,0.00100000000000655,1.99840144432528e-16,1.77635683940025e-15
3.6,364.252336540323,33.4683402638486,397.720676804171,-0.0378461146541473,412.585962409002,206.01355282369,42.1600000000002,-1.19904086659517e-14,-6.43929354282591e-15,21.6798840666929,216.798840666923,21.6798840666923,5.75539615965681e-13,0.00231682786931897,13.9140076870792,8.04895643209022,1.08000000000005,2.88657986402541e-15,1.64313007644523e-14,8.86680000000001,-3.5527136788005e-16,4,0.000933333333337671,3.5527136788005e-16,1.77635683940025e-15
3.7,390.790673505861,28.6098873650028,419.400560870864,-0.0401629425234663,426.499970096081,214.062509255781,43.2400000000002,-9.10382880192628e-15,9.99200722162641e-15,21.7083187692307,217.0831876923,21.70831876923,6.92779167366098e-13,0.00230463543843806,13.3780624390566,7.89435292910611,1.00000000000002,5.55111512312578e-16,6.21724893790088e-15,9.29380000000001,-4.44089209850063e-16,4,0.000866666666670568,4.44089209850063e-16,1.77635683940025e-15
3.8,416.983342714262,24.125536925833,441.108879640095,-0.0424675779619044,439.878032535138,221.956862184887,44.2400000000003,-8.54871728961371e-15,3.77475828372553e-15,21.5589508043422,215.589508043416,21.5589508043416,5.79092329644482e-13,0.00231424677282599,12.7488394003155,7.66066175197781,0.919999999999973,5.32907051820075e-15,2.22044604925031e-15,9.73120000000001,-5.32907051820075e-16,4,0.00080000000001057,5.32907051820075e-16,1.77635683940025e-15
3.9,442.718500735019,19.9493297094176,462.667830444437,-0.0447818247347304,452.626871935453,229.617523936864,45.1600000000002,-1.38777878078145e-14,1.55431223447522e-15,21.2821200437147,212.821200437138,21.2821200437138,8.88178419700125e-13,0.00215581977135264,12.0148715701495,7.33551995024041,0.840000000000025,2.22044604925031e-16,2.17603712826531e-14,10.1782,-3.99680288865056e-16,4,0.000733333333347019,3.99680288865056e-16,1.77635683940025e-15
4,467.698491370645,16.251459117507,483.949950488152,-0.046937644506083,464.641743505603,236.953043887105,46.0000000000003,-1.36557432028894e-14,2.33146835171283e-14,20.4825117957982,204.825117957972,20.4825117957972,1.05160324892495e-12,0.00206718455383787,11.1715981420202,6.91272110643357,0.760000000000012,3.10862446895044e-15,1.64313007644523e-14,10.634,-6.21724893790088e-16,4,0.000666666666683469,6.21724893790088e-16,1.77635683940025e-15
4.1,491.479571747984,12.952890535966,504.43246228395,-0.0490048290599209,475.813341647623,243.865764993538,46.7600000000003,-1.67643676718399e-14,6.88338275267597e-15,19.2865856583056,192.865856583044,19.2865856583044,1.16173737296776e-12,0.00175402756802595,10.2166958369372,6.38856967258002,0.679999999999993,4.10782519111308e-15,7.93809462606987e-15,11.0978,-1.02140518265514e-15,4,0.000600000000018142,1.02140518265514e-15,1.77635683940025e-15
4.2,513.801225185526,9.91782275672959,523.719047942256,-0.0507588566279468,486.03003748456,250.254334666118,47.4400000000003,-1.26565424807268e-14,1.48214773787458e-14,17.8782630669338,178.782630669321,17.8782630669321,1.65556457432103e-12,0.00128054500020175,9.15387318834138,5.76548965836838,0.600000000000009,1.88737914186277e-15,9.46465128492946e-15,11.5688,-1.15463194561016e-15,4,0.000533333333354591,1.15463194561016e-15,1.77635683940025e-15
4.3,534.245424408179,7.35188660101015,541.597311009189,-0.0520394016281486,495.183910672902,256.019824324487,48.0400000000003,-1.45439216225896e-14,2.42861286636753e-14,16.2176350783469,162.17635078347,16.217635078347,-1.10134124042816e-13,0.000796378197646885,7.99526583481372,5.05419453453345,0.519999999999982,3.66872331125645e-15,1.86352669406809e-15,12.0462,-1.33226762955019e-15,4,0.000466666666692817,1.33226762955019e-15,1.77635683940025e-15
4.4,552.440193217608,5.37475286992811,557.814946087536,-0.0528357798257955,503.179176507715,261.07401885902,48.5600000000003,-1.08751983113331e-14,2.61496553577434e-14,14.3245782302202,143.245782302197,14.3245782302197,4.58300064565265e-13,0.000413044075827207,6.75985452989011,4.27214629599541,0.440000000000019,6.05635333550403e-16,1.24661565792383e-14,12.5292,-1.33226762955019e-15,4,0.000400000000023937,1.33226762955019e-15,1.77635683940025e-15
4.5,568.154255427341,3.98526889041552,572.139524317756,-0.0532488239016227,509.939031037605,265.346165155016,49.0000000000003,-1.02695629777827e-14,1.36834987785051e-14,12.1607052310432,121.607052310428,12.1607052310428,4.79616346638068e-13,0.000284088380664738,5.47433332622887,3.4442556582066,0.360000000000049,1.71529457304587e-14,9.85322934354826e-15,13.017,-1.50990331349021e-15,4,0.000333333333362162,1.50990331349021e-15,2.66453525910038e-15
4.6,581.249505779438,3.05072376936133,584.3002295488,-0.0535329122822874,515.413364363834,268.790420813222,49.3600000000003,6.88338275267597e-15,2.35367281220533e-14,9.6900365736273,96.9003657362712,9.69003657362712,1.79412040779425e-13,0.000485725800986492,4.17197193298523,2.60134330507623,0.280000000000008,2.22044604925031e-16,8.32667268468867e-15,13.5088,-1.33226762955019e-15,4,0.000266666666702164,1.33226762955019e-15,1.77635683940025e-15
4.7,591.519203816343,2.47106230608377,593.990266122427,-0.0540186380832739,519.585336296819,271.391764118299,49.6400000000003,6.66133814775094e-15,3.1863400806742e-14,6.91483750489649,69.1483750489592,6.91483750489592,5.6754601018838e-13,0.000738392339666216,2.89042343829249,1.77799737819004,0.200000000000067,9.88098491916389e-15,1.0991207943789e-14,14.0038,-1.37667655053519e-15,4,0.000200000000029732,1.37667655053519e-15,2.66453525910038e-15
4.8,598.576370202573,2.32873342475009,600.905103627323,-0.0547570304229401,522.475759735112,273.169761496489,49.8400000000004,1.65423230669148e-14,4.2854608750531e-14,4.0050639528722,40.0506395287203,4.00506395287203,1.75859327100625e-13,0.000623163912269575,1.66619145695529,1.00665693860151,0.119999999999976,2.22044604925031e-16,3.77475828372553e-15,14.5012,-1.28785870856518e-15,4,0.00013333333337151,1.28785870856518e-15,3.5527136788005e-15
4.9,602.354185211084,2.55598236911178,604.910167580196,-0.0553801943352097,524.141951192067,274.17641843509,49.9600000000004,1.67643676718399e-14,4.66293670342566e-14,1.23826190337325,12.3826190337262,1.23826190337262,6.29274410357539e-13,0.000203627290723318,0.529225598690232,0.312705428586128,0.0400000000000702,9.99200722162641e-16,5.10702591327572e-15,15.0002,-1.11022302462516e-15,4,6.66666667044069e-05,1.11022302462516e-15,3.5527136788005e-15
5,603.372956471836,2.77547301173334,606.148429483569,-0.055583821625933,524.671176790757,274.489123863676,50.0000000000004,1.77635683940025e-14,5.17363929475323e-14,6.61692922676593e-13,0,0,6.61692922676593e-13,6.12843109593086e-14,1.13686837721616e-13,1.13686837721616e-13,2.8421709430404e-14,1.55431223447522e-15,5.77315972805081e-15,15.5,-9.32587340685132e-16,4,4.2632564145606e-14,9.32587340685132e-16,3.5527136788005e-15
5.1,603.200603967988,2.94782551558127,606.14842948357,-0.0555838216258717,524.671176790758,274.489123863676,50.0000000000005,1.62092561595273e-14,4.59632332194815e-14,1.3988810110277e-13,0,0,1.3988810110277e-13,4.79616346638068e-14,2.27373675443232e-13,5.6843418860808e-14,7.105427357601e-15,3.99680288865056e-15,1.46549439250521e-14,16.0000000000001,-8.43769498715119e-16,4,5.32907051820075e-14,8.43769498715119e-16,4.44089209850063e-15
5.2,602.854393482666,3.29403600090351,606.14842948357,-0.0555838216259197,524.671176790758,274.489123863676,50.0000000000005,2.02060590481778e-14,6.06181771445335e-14,8.02469202199063e-13,0,0,8.02469202199063e-13,4.19664303308309e-14,4.54747350886464e-13,1.13686837721616e-13,7.105427357601e-14,5.32907051820075e-15,1.88737914186277e-14,16.5000000000001,-5.55111512312578e-16,4.00000000000001,6.03961325396085e-14,5.55111512312578e-16,5.32907051820075e-15
5.3,602.560197542274,3.58823194129677,606.14842948357,-0.0555838216258777,524.671176790758,274.489123863676,50.0000000000005,1.48769885299771e-14,4.17443857259059e-14,3.31290550548147e-13,0,0,3.31290550548147e-13,2.26485497023532e-14,1.13686837721616e-13,5.6843418860808e-14,7.105427357601e-15,1.66533453693773e-15,3.33066907387547e-15,17.0000000000001,-3.99680288865056e-16,4.00000000000001,6.3948846218409e-14,3.99680288865056e-16,5.32907051820075e-15
5.4,602.43024162753,3.71818785604129,606.148429483571,-0.0555838216259004,524.671176790758,274.489123863676,50.0000000000005,1.32116539930394e-14,4.50750547997814e-14,1.24789067967868e-13,0,0,1.24789067967868e-13,3.31956684362922e-14,1.13686837721616e-13,2.27373675443232e-13,2.1316282072803e-14,1.11022302462516e-16,4.66293670342566e-15,17.5000000000001,-2.66453525910038e-16,4.00000000000001,6.75015598972095e-14,2.66453525910038e-16,6.21724893790088e-15
5.5,602.386795234444,3.76163424912675,606.148429483571,-0.0555838216258672,524.671176790759,274.489123863677,50.0000000000005,1.33226762955019e-14,4.04121180963557e-14,2.93542967710891e-13,0,0,2.93542967710891e-13,3.30291349825984e-14,0,0,4.2632564145606e-14,2.4980018054066e-15,3.99680288865056e-15,18.0000000000001,-1.36002320516582e-16,4.00000000000001,7.8159700933611e-14,1.36002320516582e-16,6.21724893790088e-15
5.6,602.551169051838,3.59726043173361,606.148429483571,-0.0555838216259002,524.671176790759,274.489123863677,50.0000000000006,1.08246744900953e-14,4.44089209850063e-14,2.1005419625908e-13,0,0,2.1005419625908e-13,4.71844785465692e-16,3.41060513164848e-13,5.6843418860808e-14,4.2632564145606e-14,1.66533453693773e-15,4.02455846426619e-15,18.5000000000001,-3.33066907387547e-17,4.00000000000001,7.8159700933611e-14,3.33066907387547e-17,7.105427357601e-15
5.7,602.88753387342,3.26089561015156,606.148429483571,-0.0555838216258997,524.671176790759,274.489123863677,50.0000000000005,9.15933995315754e-15,4.84334794492725e-14,4.78284079008517e-13,0,0,4.78284079008517e-13,3.3584246494911e-15,2.27373675443232e-13,1.70530256582424e-13,4.9737991503207e-14,2.35922392732846e-16,4.89538964920655e-15,19.0000000000001,8.88178419700125e-17,4.00000000000001,8.5265128291212e-14,8.88178419700125e-17,7.105427357601e-15
5.8,603.17757022685,2.97085925672184,606.148429483572,-0.0555838216259031,524.671176790759,274.489123863677,50.0000000000006,8.9234175604247e-15,4.35380898000659e-14,8.75299832614473e-13,0,0,8.75299832614473e-13,2.3259172365897e-14,5.6843418860808e-13,1.70530256582424e-13,1.4210854715202e-14,4.20496970576778e-15,1.24518451105615e-14,19.5000000000001,1.88737914186277e-16,4.00000000000001,9.2370555648813e-14,1.88737914186277e-16,7.99360577730113e-15
5.9,603.220137393193,2.92829209038027,606.148429483573,-0.0555838216258798,524.67117679076,274.489123863677,50.0000000000006,4.71844785465692e-15,3.10862446895044e-14,2.07389660999979e-13,0,0,2.07389660999979e-13,3.77475828372553e-15,1.13686837721616e-13,5.6843418860808e-14,2.8421709430404e-14,2.05391259555654e-15,3.77475828372553e-15,20.0000000000001,2.33146835171283e-16,4.00000000000001,9.59232693276135e-14,2.33146835171283e-16,7.99360577730113e-15
6,602.958738641608,3.1896908419646,606.148429483573,-0.0555838216258761,524.67117679076,274.489123863677,50.0000000000005,2.66453525910038e-15,3.48610029732299e-14,6.86561918428197e-13,0,0,6.86561918428197e-13,2.38697950294409e-14,7.95807864051312e-13,5.6843418860808e-14,2.1316282072803e-14,6.66133814775094e-16,7.88258347483861e-15,20.5000000000001,2.77555756156289e-16,4.00000000000001,9.9475983006414e-14,2.77555756156289e-16,8.88178419700125e-15
6.1,602.69663497537,3.45179450820326,606.148429483574,-0.0555838216258999,524.67117679076,274.489123863677,50.0000000000006,1.99840144432528e-15,4.27435864480685e-14,7.20312698376802e-13,0,0,7.20312698376802e-13,1.53210777398272e-14,1.13686837721616e-13,1.70530256582424e-13,2.8421709430404e-14,1.99840144432528e-15,1.66533453693773e-15,21.0000000000001,3.17801340798951e-16,4.00000000000001,1.06581410364015e-13,3.17801340798951e-16,8.88178419700125e-15
6.2,602.549664818789,3.5987646647851,606.148429483574,-0.0555838216258846,524.67117679076,274.489123863677,50.0000000000006,0,4.10782519111308e-14,6.42152997443191e-13,0,0,6.42152997443191e-13,6.66133814775094e-16,5.6843418860808e-13,5.6843418860808e-14,6.3948846218409e-14,7.99360577730113e-15,6.88338275267597e-15,21.5000000000001,3.27515792264421e-16,4.00000000000001,1.13686837721616e-13,3.27515792264421e-16,8.88178419700125e-15
6.3,602.476220306388,3.67220917718675,606.148429483575,-0.0555838216258853,524.671176790761,274.489123863677,50.0000000000006,-7.99360577730113e-15,3.41948691584548e-14,3.87245790989255e-13,0,0,3.87245790989255e-13,2.44249065417534e-14,1.13686837721616e-13,1.13686837721616e-13,5.6843418860808e-14,2.66453525910038e-15,2.26485497023532e-14,22.0000000000001,2.88657986402541e-16,4.00000000000001,1.20792265079217e-13,2.88657986402541e-16,8.88178419700125e-15
6.4,602.59597668339,3.55245280018539,606.148429483575,-0.0555838216258608,524.671176790761,274.489123863677,50.0000000000007,-5.32907051820075e-15,5.6843418860808e-14,2.44249065417534e-14,0,0,2.44249065417534e-14,1.46549439250521e-14,0,5.6843418860808e-14,6.3948846218409e-14,4.44089209850063e-15,7.99360577730113e-15,22.5000000000001,1.99840144432528e-16,4.00000000000001,1.20792265079217e-13,1.99840144432528e-16,9.76996261670138e-15
6.5,602.947246105573,3.20118337800247,606.148429483575,-0.0555838216258755,524.671176790761,274.489123863677,50.0000000000006,-9.76996261670138e-15,4.88498130835069e-14,1.24344978758018e-14,0,0,1.24344978758018e-14,3.17523785042795e-14,5.6843418860808e-13,2.27373675443232e-13,6.3948846218409e-14,1.17683640610267e-14,8.21565038222616e-15,23.0000000000001,2.22044604925031e-16,4.00000000000001,1.35003119794419e-13,2.22044604925031e-16,9.76996261670138e-15
6.6,603.279534402284,2.86889508129183,606.148429483575,-0.0555838216259072,524.67117679076,274.489123863678,50.0000000000006,1.99840144432528e-15,4.06341627012807e-14,4.9693582582222e-13,0,0,4.9693582582222e-13,4.90718576884319e-14,5.6843418860808e-13,2.27373675443232e-13,7.105427357601e-15,3.10862446895044e-15,1.11022302462516e-14,23.5000000000001,2.22044604925031e-16,4.00000000000001,1.4210854715202e-13,2.22044604925031e-16,1.15463194561016e-14
6.7,603.594482510872,2.5539469727037,606.148429483576,-0.0555838216259563,524.671176790761,274.489123863678,50.0000000000006,5.10702591327572e-15,2.95319324550292e-14,4.11670697531008e-13,0,0,4.11670697531008e-13,4.10782519111308e-14,6.82121026329696e-13,1.70530256582424e-13,4.9737991503207e-14,1.15463194561016e-14,6.88338275267597e-15,24.0000000000001,1.77635683940025e-16,4.00000000000001,1.45661260830821e-13,1.77635683940025e-16,1.15463194561016e-14
6.8,603.986231184752,2.16219829882446,606.148429483576,-0.0555838216259974,524.671176790762,274.489123863678,50.0000000000006,1.66533453693773e-14,2.26485497023532e-14,9.36806188178707e-13,0,0,9.36806188178707e-13,3.574918139293e-14,1.13686837721616e-13,6.82121026329696e-13,4.2632564145606e-14,7.32747196252603e-15,1.02140518265514e-14,24.5000000000002,5.32907051820075e-16,4.00000000000001,1.52766688188422e-13,5.32907051820075e-16,1.15463194561016e-14
6.9,604.216812019254,1.93161746432339,606.148429483577,-0.0555838216260331,524.671176790762,274.489123863679,50.0000000000007,2.39808173319034e-14,1.24344978758018e-14,5.64659430324355e-13,0,0,5.64659430324355e-13,2.57571741713036e-14,2.27373675443232e-13,0,7.105427357601e-15,1.99840144432528e-15,5.82867087928207e-15,25.0000000000002,6.21724893790088e-16,4.00000000000001,1.56319401867222e-13,6.21724893790088e-16,1.15463194561016e-14
7,604.081558641957,2.06687084162116,606.148429483578,-0.0555838216260074,524.671176790762,274.489123863679,50.0000000000007,2.19824158875781e-14,1.82631687550838e-14,3.5171865420125e-13,0,0,3.5171865420125e-13,1.21236354289067e-13,1.13686837721616e-13,1.13686837721616e-13,7.105427357601e-14,9.38138455808257e-15,6.34214902817121e-15,25.5000000000002,8.88178419700125e-16,4.00000000000001,1.66977542903624e-13,8.88178419700125e-16,1.24344978758018e-14
7.1,603.601116545571,2.54731293800673,606.148429483578,-0.0555838216261286,524.671176790762,274.489123863679,50.0000000000007,3.13638004456607e-14,2.4605317783255e-14,3.09530179265494e-13,0,0,3.09530179265494e-13,1.16087695012368e-14,6.82121026329696e-13,5.6843418860808e-14,6.3948846218409e-14,3.89965837399586e-15,1.61953783717195e-14,26.0000000000002,8.88178419700125e-16,4.00000000000001,1.70530256582424e-13,8.88178419700125e-16,1.15463194561016e-14
7.2,602.951192731576,3.19723675200213,606.148429483579,-0.0555838216261402,524.671176790763,274.489123863679,50.0000000000008,3.52634588196565e-14,8.40993941153556e-15,1.90514271025677e-13,0,0,1.90514271025677e-13,3.94059784802891e-14,4.54747350886464e-13,2.8421709430404e-13,4.2632564145606e-14,2.26207941267376e-15,7.35522753814166e-15,26.5000000000002,1.24344978758018e-15,4.00000000000001,1.81188397618826e-13,1.24344978758018e-15,1.24344978758018e-14
7.3,602.248028445764,3.90040103781491,606.148429483579,-0.0555838216261796,524.671176790762,274.489123863679,50.0000000000008,3.75255382323303e-14,1.57651669496772e-14,3.39284156325448e-13,0,0,3.39284156325448e-13,4.16888745746746e-14,2.27373675443232e-13,1.13686837721616e-13,0,2.55351295663786e-15,1.99840144432528e-15,27.0000000000002,1.95399252334028e-15,4.00000000000001,1.81188397618826e-13,1.95399252334028e-15,1.24344978758018e-14
7.4,601.60674508672,4.54168439685856,606.148429483579,-0.055583821626138,524.671176790763,274.489123863679,50.0000000000008,3.49720252756924e-14,1.77635683940025e-14,7.69162511460308e-13,0,0,7.69162511460308e-13,4.86277684785819e-14,1.13686837721616e-13,4.54747350886464e-13,1.13686837721616e-13,8.99280649946377e-15,3.33066907387547e-15,27.5000000000002,1.95399252334028e-15,4.00000000000001,1.91846538655227e-13,1.95399252334028e-15,1.24344978758018e-14
7.5,601.393923739617,4.75450574396295,606.14842948358,-0.0555838216261866,524.671176790763,274.489123863679,50.0000000000009,4.39648317751562e-14,1.4432899320127e-14,7.75379760398209e-13,0,0,7.75379760398209e-13,4.79616346638068e-14,1.13686837721616e-13,5.6843418860808e-14,5.6843418860808e-14,6.66133814775094e-16,2.55351295663786e-14,28.0000000000002,2.57571741713036e-15,4.00000000000001,2.06057393370429e-13,2.57571741713036e-15,1.24344978758018e-14
7.6,601.81114435207,4.33728513151074,606.148429483581,-0.0555838216261386,524.671176790763,274.489123863679,50.0000000000009,4.46309655899313e-14,3.99680288865056e-14,5.76427794385381e-13,0,0,5.76427794385381e-13,3.99680288865056e-15,4.54747350886464e-13,2.27373675443232e-13,6.3948846218409e-14,7.43849426498855e-15,1.06581410364015e-14,28.5000000000002,2.75335310107039e-15,4.00000000000001,2.0961010704923e-13,2.75335310107039e-15,1.24344978758018e-14
7.7,602.503190053066,3.64523943051497,606.148429483581,-0.0555838216261426,524.671176790763,274.48912386368,50.000000000001,5.20694598549198e-14,2.93098878501041e-14,9.65005853004186e-13,0,0,9.65005853004186e-13,6.57252030578093e-14,3.41060513164848e-13,5.6843418860808e-14,1.20792265079217e-13,5.55111512312578e-16,5.32907051820075e-15,29.0000000000002,3.41948691584548e-15,4.00000000000001,2.20268248085631e-13,3.41948691584548e-15,1.24344978758018e-14
7.8,603.159054833817,2.98937464976515,606.148429483582,-0.0555838216262083,524.671176790764,274.48912386368,50.0000000000011,5.26245713672324e-14,3.46389583683049e-14,9.68114477473137e-14,0,0,9.68114477473137e-14,1.06581410364015e-14,1.13686837721616e-13,2.27373675443232e-13,4.2632564145606e-14,1.77635683940025e-15,3.77475828372553e-15,29.5000000000002,3.86357612569554e-15,4.00000000000001,2.27373675443232e-13,3.86357612569554e-15,1.4210854715202e-14
7.9,603.7326996878,2.41572979578195,606.148429483582,-0.055583821626219,524.671176790763,274.48912386368,50.0000000000011,5.44009282066327e-14,3.84137166520304e-14,5.04929431599521e-13,0,0,5.04929431599521e-13,9.10382880192628e-15,1.13686837721616e-13,2.8421709430404e-13,3.5527136788005e-14,6.66133814775094e-16,1.24344978758018e-14,30.0000000000002,4.48530101948563e-15,4.00000000000001,2.48689957516035e-13,4.48530101948563e-15,1.4210854715202e-14
8,604.108962495312,2.03946698827042,606.148429483583,-0.0555838216262099,524.671176790763,274.48912386368,50.0000000000011,5.50670620214078e-14,5.08482145278322e-14,4.87609952415369e-13,0,0,4.87609952415369e-13,1.79856129989275e-14,9.09494701772928e-13,5.6843418860808e-14,8.5265128291212e-14,1.22124532708767e-15,8.43769498715119e-15,30.5000000000003,4.9960036108132e-15,4.00000000000001,2.55795384873636e-13,4.9960036108132e-15,1.4210854715202e-14
8.1,604.127183928014,2.02124555556899,606.148429483583,-0.0555838216262279,524.671176790764,274.48912386368,50.0000000000012,5.62883073484954e-14,4.2410519540681e-14,5.36459765498876e-13,0,0,5.36459765498876e-13,2.50910403565285e-14,5.6843418860808e-13,2.27373675443232e-13,1.06581410364015e-13,1.11022302462516e-16,6.66133814775094e-15,31.0000000000003,5.61772850460329e-15,4.00000000000002,2.66453525910038e-13,5.61772850460329e-15,1.50990331349021e-14
8.2,603.797668043521,2.35076144006268,606.148429483584,-0.0555838216262028,524.671176790765,274.48912386368,50.0000000000013,5.61772850460329e-14,3.574918139293e-14,2.26485497023532e-13,0,0,2.26485497023532e-13,6.21724893790088e-15,5.6843418860808e-13,5.6843418860808e-14,9.2370555648813e-14,1.88737914186277e-15,1.37667655053519e-14,31.5000000000003,6.16173778666962e-15,4.00000000000002,2.73558953267639e-13,6.16173778666962e-15,1.59872115546023e-14
8.3,603.198310379586,2.95011910399808,606.148429483584,-0.0555838216261966,524.671176790765,274.48912386368,50.0000000000014,5.42899059041702e-14,2.19824158875781e-14,9.2548191332753e-13,0,0,9.2548191332753e-13,1.08801856413265e-14,2.27373675443232e-13,1.13686837721616e-13,6.3948846218409e-14,4.44089209850063e-16,8.77076189453874e-15,32.0000000000003,6.72795152922845e-15,4.00000000000002,2.98427949019242e-13,6.72795152922845e-15,1.50990331349021e-14
8.4,602.614820332594,3.53360915099087,606.148429483585,-0.0555838216262075,524.671176790766,274.489123863681,50.0000000000013,5.47339951140202e-14,3.07531777821168e-14,5.99520433297585e-14,0,0,5.99520433297585e-14,2.22044604925031e-15,3.41060513164848e-13,5.6843418860808e-14,1.4210854715202e-14,3.98292510084275e-15,9.15933995315754e-15,32.5000000000003,7.28306304154103e-15,4.00000000000002,3.05533376376843e-13,7.28306304154103e-15,1.59872115546023e-14
8.5,602.231353824415,3.9170756591703,606.148429483585,-0.0555838216262097,524.671176790766,274.489123863681,50.0000000000013,5.07510700131775e-14,2.15938378289593e-14,2.70450328798688e-13,0,0,2.70450328798688e-13,6.52256026967279e-16,2.27373675443232e-13,1.13686837721616e-13,2.8421709430404e-14,2.4008572907519e-15,1.25732757538799e-14,33.0000000000003,7.8159700933611e-15,4.00000000000002,3.19744231092045e-13,7.8159700933611e-15,1.59872115546023e-14
8.6,602.07391104365,4.07451843993534,606.148429483585,-0.055583821626209,524.671176790766,274.48912386368,50.0000000000013,4.83502127224256e-14,3.41671135828392e-14,2.01572092350943e-12,0,0,2.01572092350943e-12,8.59035065303715e-15,1.25055521493778e-12,1.13686837721616e-13,1.35003119794419e-13,7.04991620636974e-15,8.29891710907305e-15,33.5000000000003,8.33777491493492e-15,4.00000000000002,3.33955085807247e-13,8.33777491493492e-15,1.59872115546023e-14
8.7,602.264010236651,3.88441924693595,606.148429483587,-0.0555838216262176,524.671176790767,274.489123863681,50.0000000000014,4.13002965160558e-14,4.24660306919122e-14,9.72111280361787e-13,0,0,9.72111280361787e-13,1.44884104713583e-14,5.6843418860808e-13,2.27373675443232e-13,1.06581410364015e-13,3.33066907387547e-15,6.27276008913213e-15,34.0000000000003,8.77076189453874e-15,4.00000000000002,3.48165940522449e-13,8.77076189453874e-15,1.59872115546023e-14
8.8,602.722173083927,3.42625639966131,606.148429483588,-0.0555838216262321,524.671176790768,274.489123863681,50.0000000000016,4.46309655899313e-14,4.87387907810444e-14,8.41549052665869e-13,0,0,8.41549052665869e-13,2.22044604925031e-16,4.54747350886464e-13,1.13686837721616e-13,0,5.99520433297585e-15,1.69864122767649e-14,34.5000000000004,9.20374887414255e-15,4.00000000000002,3.5527136788005e-13,9.20374887414255e-15,1.68753899743024e-14
8.9,603.192085625641,2.95634385794821,606.148429483589,-0.0555838216262319,524.671176790768,274.489123863681,50.0000000000016,3.86357612569554e-14,3.17523785042795e-14,1.14530607220331e-12,0,0,1.14530607220331e-12,1.84297022087776e-14,5.6843418860808e-13,5.6843418860808e-13,2.06057393370429e-13,3.10862446895044e-15,2.66453525910038e-15,35.0000000000004,9.62285806593854e-15,4.00000000000002,3.83693077310454e-13,9.62285806593854e-15,1.77635683940025e-14
9,603.56782836249,2.58060112109782,606.148429483588,-0.0555838216262503,524.671176790767,274.489123863681,50.0000000000014,4.17443857259059e-14,3.44169137633799e-14,2.47357689886485e-13,0,0,2.47357689886485e-13,2.39808173319034e-14,1.25055521493778e-12,5.6843418860808e-14,7.105427357601e-15,4.44089209850063e-16,2.19824158875781e-14,35.5000000000004,1.00253139123652e-14,4.00000000000002,3.90798504668055e-13,1.00253139123652e-14,1.77635683940025e-14
9.1,603.735606243397,2.41282324019151,606.148429483588,-0.0555838216262743,524.671176790766,274.489123863681,50.0000000000014,4.13002965160558e-14,5.6399329650958e-14,9.37028232783632e-14,0,0,9.37028232783632e-14,5.01820807130571e-14,2.27373675443232e-13,1.70530256582424e-13,5.6843418860808e-14,4.44089209850063e-16,6.21724893790088e-15,36.0000000000004,1.0502709812954e-14,4.00000000000002,4.05009359383257e-13,1.0502709812954e-14,1.86517468137026e-14
9.2,603.525858667262,2.62257081632595,606.148429483588,-0.0555838216262241,524.671176790766,274.489123863681,50.0000000000013,4.17443857259059e-14,6.26165785888588e-14,7.50510764646606e-13,0,0,7.50510764646606e-13,1.88737914186277e-14,1.13686837721616e-13,1.70530256582424e-13,8.5265128291212e-14,2.66453525910038e-15,5.99520433297585e-15,36.5000000000004,1.0857981180834e-14,4.00000000000002,4.2632564145606e-13,1.0857981180834e-14,1.95399252334028e-14
9.3,603.106535109731,3.04189437385749,606.148429483589,-0.055583821626243,524.671176790766,274.489123863681,50.0000000000014,3.90798504668055e-14,5.6621374255883e-14,6.06625860655186e-13,0,0,6.06625860655186e-13,2.59792187762287e-14,0,1.13686837721616e-13,1.77635683940025e-13,7.99360577730113e-15,5.55111512312578e-15,37.0000000000004,1.13242748511766e-14,4.00000000000002,4.33431068813661e-13,1.13242748511766e-14,1.95399252334028e-14
9.4,602.751471546952,3.3969579366358,606.148429483588,-0.055583821626269,524.671176790766,274.489123863681,50.0000000000012,4.70734562441066e-14,5.10702591327572e-14,9.07274255723678e-13,0,0,9.07274255723678e-13,1.22124532708767e-14,5.6843418860808e-13,0,7.8159700933611e-14,6.21724893790088e-15,4.44089209850063e-15,37.5000000000004,1.17239551400417e-14,4.00000000000002,4.40536496171262e-13,1.17239551400417e-14,1.95399252334028e-14
9.5,602.586865236637,3.56156424695249,606.148429483589,-0.0555838216262567,524.671176790767,274.489123863681,50.0000000000013,4.08562073062058e-14,5.55111512312578e-14,3.23741033980696e-13,0,0,3.23741033980696e-13,1.77635683940025e-14,5.6843418860808e-13,5.6843418860808e-14,4.9737991503207e-14,6.77236045021345e-15,1.31006316905768e-14,38.0000000000005,1.22568621918617e-14,4.00000000000002,4.54747350886464e-13,1.22568621918617e-14,2.04281036531029e-14
9.6,602.60916186949,3.53926761409882,606.148429483589,-0.0555838216262745,524.671176790766,274.489123863681,50.0000000000013,4.76285677564192e-14,6.86117829218347e-14,1.0946799022804e-12,0,0,1.0946799022804e-12,3.21964677141295e-14,2.27373675443232e-13,5.6843418860808e-14,1.27897692436818e-13,6.43929354282591e-15,5.55111512312578e-15,38.5000000000005,1.24344978758018e-14,4.00000000000002,4.68958205601666e-13,1.24344978758018e-14,2.04281036531029e-14
9.7,602.803769576961,3.34465990662932,606.14842948359,-0.0555838216262423,524.671176790766,274.489123863681,50.0000000000015,4.11892742135933e-14,7.41628980449605e-14,2.53574938824386e-13,0,0,2.53574938824386e-13,6.26165785888588e-14,6.82121026329696e-13,5.6843418860808e-14,3.5527136788005e-14,1.14908083048704e-14,9.54791801177635e-15,39.0000000000005,1.28785870856518e-14,4.00000000000002,4.83169060316868e-13,1.28785870856518e-14,2.22044604925031e-14
9.8,603.096976951053,3.05145253253691,606.14842948359,-0.0555838216263049,524.671176790766,274.489123863681,50.0000000000014,5.26800825184637e-14,8.37108160567368e-14,2.77111666946439e-13,0,0,2.77111666946439e-13,7.105427357601e-15,2.27373675443232e-13,0,2.1316282072803e-14,2.07819872422021e-15,2.8796409701215e-16,39.5000000000005,1.35891298214119e-14,4.00000000000002,4.90274487674469e-13,1.35891298214119e-14,2.30926389122033e-14
9.9,603.33218331683,2.81624616676029,606.14842948359,-0.055583821626312,524.671176790766,274.489123863681,50.0000000000014,5.47582812426839e-14,8.3998780153749e-14,5.41788836017076e-14,0,0,5.41788836017076e-14,3.49720252756924e-14,0,2.27373675443232e-13,0,2.96637714392034e-15,3.78516662458139e-15,40.0000000000005,1.3944401189292e-14,4.00000000000002,5.11590769747272e-13,1.3944401189292e-14,2.30926389122033e-14
10,603.418620429505,2.72980905408528,606.14842948359,-0.0555838216262771,524.671176790766,274.489123863681,50.0000000000014,5.17919040987636e-14,8.02136135291676e-14,7.50954853856456e-13,0,0,7.50954853856456e-13,3.30846461338297e-14,2.27373675443232e-13,2.8421709430404e-13,1.06581410364015e-13,7.54951656745106e-15,3.88578058618805e-16,40.5000000000005,1.48325796089921e-14,4.00000000000002,5.25801624462474e-13,1.48325796089921e-14,2.39808173319034e-14
10.1,603.477250690044,2.6711787935465,606.148429483591,-0.055583821626244,524.671176790766,274.489123863681,50.0000000000013,4.42423875313125e-14,8.06021915877864e-14,7.23865412055602e-14,0,0,7.23865412055602e-14,4.62130334000221e-14,5.6843418860808e-13,2.8421709430404e-13,9.2370555648813e-14,6.16173778666962e-15,3.99680288865056e-15,41.0000000000005,1.50990331349021e-14,4.00000000000003,5.40012479177676e-13,1.50990331349021e-14,2.57571741713036e-14
10.2,603.502823659036,2.64560582455473,606.148429483591,-0.0555838216262902,524.671176790765,274.489123863682,50.0000000000013,5.04041253179821e-14,8.45989944764369e-14,2.00728322852228e-13,0,0,2.00728322852228e-13,3.49442697000768e-14,5.6843418860808e-13,5.6843418860808e-14,4.9737991503207e-14,5.10702591327572e-15,9.76996261670138e-15,41.5000000000006,1.57207580286922e-14,4.00000000000003,5.54223333892878e-13,1.57207580286922e-14,2.57571741713036e-14
10.3,603.297365897962,2.8510635856287,606.14842948359,-0.0555838216263251,524.671176790765,274.489123863682,50.0000000000012,5.55111512312578e-14,9.43689570931383e-14,2.19380069665931e-13,0,0,2.19380069665931e-13,3.01980662698043e-14,6.82121026329696e-13,1.13686837721616e-13,2.8421709430404e-14,3.88578058618805e-15,2.33146835171283e-14,42.0000000000006,1.61648472385423e-14,4.00000000000003,5.6843418860808e-13,1.61648472385423e-14,2.66453525910038e-14
10.4,602.790278226787,3.35815125680334,606.148429483591,-0.0555838216262949,524.671176790764,274.489123863682,50.0000000000012,5.16253706450698e-14,1.17683640610267e-13,4.06341627012807e-13,0,0,4.06341627012807e-13,1.24344978758018e-14,1.13686837721616e-13,3.41060513164848e-13,4.2632564145606e-14,2.99760216648792e-15,1.26565424807268e-14,42.5000000000006,1.66089364483923e-14,4.00000000000003,5.82645043323282e-13,1.66089364483923e-14,2.8421709430404e-14
10.5,602.282008967577,3.86642051601432,606.148429483591,-0.0555838216262825,524.671176790764,274.489123863681,50.0000000000012,4.86277684785819e-14,1.0502709812954e-13,4.54303261676614e-13,0,0,4.54303261676614e-13,5.39568389967826e-14,4.54747350886464e-13,2.27373675443232e-13,1.49213974509621e-13,2.22044604925031e-16,2.26485497023532e-14,43.0000000000006,1.72306613421824e-14,4.00000000000003,5.89750470680883e-13,1.72306613421824e-14,2.93098878501041e-14
10.6,602.111143863312,4.03728562027884,606.148429483591,-0.0555838216263365,524.671176790765,274.489123863682,50.0000000000011,4.84057238736568e-14,8.23785484271866e-14,5.28910248931425e-13,0,0,5.28910248931425e-13,3.04201108747293e-14,1.13686837721616e-12,1.70530256582424e-13,5.6843418860808e-14,2.66453525910038e-15,2.1094237467878e-14,43.5000000000006,1.765254609154e-14,4.00000000000003,6.11066752753686e-13,1.765254609154e-14,3.01980662698043e-14
10.7,602.224435009004,3.92399447458673,606.148429483591,-0.0555838216263669,524.671176790766,274.489123863682,50.0000000000011,4.57411886145564e-14,6.12843109593086e-14,8.96172025477426e-13,0,0,8.96172025477426e-13,7.54951656745106e-15,5.6843418860808e-13,0,8.5265128291212e-14,2.44249065417534e-15,9.99200722162641e-15,44.0000000000006,1.8052226380405e-14,4.00000000000003,6.11066752753686e-13,1.8052226380405e-14,3.10862446895044e-14
10.8,602.356996726737,3.79143275685464,606.148429483592,-0.0555838216263593,524.671176790766,274.489123863682,50.0000000000012,4.81836792687318e-14,7.1276318180935e-14,1.18260956583072e-12,0,0,1.18260956583072e-12,2.24265050974282e-14,1.25055521493778e-12,0,1.77635683940025e-13,3.99680288865056e-15,6.21724893790088e-15,44.5000000000006,1.85629289717326e-14,4.00000000000003,6.32383034826489e-13,1.85629289717326e-14,3.10862446895044e-14
10.9,602.489936858275,3.6584926253186,606.148429483593,-0.0555838216263369,524.671176790768,274.489123863682,50.0000000000014,4.41868763800812e-14,6.50590692430342e-14,6.15507644852187e-13,0,0,6.15507644852187e-13,1.31006316905768e-14,1.13686837721616e-13,0,6.3948846218409e-14,3.66373598126302e-15,3.10862446895044e-15,45.0000000000006,1.90070181815827e-14,4.00000000000003,6.3948846218409e-13,1.90070181815827e-14,3.28626015289046e-14
11,602.782468206973,3.36596127662094,606.148429483594,-0.0555838216263238,524.671176790768,274.489123863682,50.0000000000014,4.78506123613442e-14,6.81676937119846e-14,7.28306304154103e-14,0,0,7.28306304154103e-14,6.66133814775094e-15,6.82121026329696e-13,3.41060513164848e-13,9.9475983006414e-14,5.6621374255883e-15,1.75415237890775e-14,45.5000000000006,1.94552707277751e-14,4.00000000000003,6.46593889541691e-13,1.94552707277751e-14,3.28626015289046e-14
11.1,603.166756482245,2.98167300134891,606.148429483594,-0.0555838216263171,524.671176790768,274.489123863682,50.0000000000014,4.21884749357559e-14,5.06261699229071e-14,1.20525811553307e-12,0,0,1.20525811553307e-12,2.22044604925031e-15,2.27373675443232e-13,1.13686837721616e-13,6.3948846218409e-14,8.88178419700125e-16,1.08246744900953e-14,46.0000000000007,1.98896454861597e-14,4.00000000000003,6.67910171614494e-13,1.98896454861597e-14,3.37507799486048e-14
11.2,603.519066341625,2.62936314196983,606.148429483595,-0.0555838216263149,524.671176790769,274.489123863682,50.0000000000014,4.13002965160558e-14,6.14508444130024e-14,1.64401825486493e-12,0,0,1.64401825486493e-12,3.10862446895044e-14,3.41060513164848e-13,1.70530256582424e-13,4.2632564145606e-14,4.44089209850063e-16,2.2884472095086e-14,46.5000000000007,2.03170813506404e-14,4.00000000000003,6.82121026329696e-13,2.03170813506404e-14,3.37507799486048e-14
11.3,603.843908467052,2.30452101654489,606.148429483597,-0.055583821626346,524.671176790769,274.489123863682,50.0000000000015,4.08562073062058e-14,8.43353165080885e-14,1.54543045027822e-13,0,0,1.54543045027822e-13,9.2148511043888e-15,1.36424205265939e-12,5.6843418860808e-14,1.98951966012828e-13,1.49880108324396e-15,7.59114993087451e-15,47.0000000000007,2.07389660999979e-14,4.00000000000003,6.82121026329696e-13,2.07389660999979e-14,3.46389583683049e-14
11.4,604.054141257786,2.09428822581047,606.148429483596,-0.0555838216263552,524.671176790768,274.489123863682,50.0000000000013,3.93574062229618e-14,9.1926466438963e-14,5.29354338141275e-13,0,0,5.29354338141275e-13,1.17683640610267e-14,1.13686837721616e-13,1.13686837721616e-13,1.20792265079217e-13,6.27276008913213e-15,1.28785870856518e-14,47.5000000000007,2.11330952737399e-14,4.00000000000003,7.03437308402499e-13,2.11330952737399e-14,3.46389583683049e-14
11.5,603.878421636099,2.27000784749845,606.148429483597,-0.0555838216263435,524.671176790768,274.489123863682,50.0000000000014,3.30846461338297e-14,1.04805053524615e-13,1.60449431518828e-12,0,0,1.60449431518828e-12,2.79221090693227e-14,1.81898940354586e-12,0,2.1316282072803e-13,3.33066907387547e-15,1.01030295240889e-14,48.0000000000007,2.14966933143046e-14,4.00000000000004,7.24753590475302e-13,2.14966933143046e-14,3.73034936274053e-14
11.6,603.492771772041,2.65565771155737,606.148429483599,-0.0555838216263155,524.671176790769,274.489123863682,50.0000000000016,2.97539770599542e-14,9.47020240005259e-14,2.03392858111329e-13,0,0,2.03392858111329e-13,1.72084568816899e-15,1.13686837721616e-13,2.8421709430404e-13,6.3948846218409e-14,6.21724893790088e-15,8.32667268468867e-15,48.5000000000007,2.18075557611996e-14,4.00000000000004,7.38964445190504e-13,2.18075557611996e-14,3.73034936274053e-14
11.7,603.236095433544,2.91233405005446,606.148429483598,-0.0555838216263138,524.671176790769,274.489123863683,50.0000000000015,2.35367281220533e-14,8.63753513158372e-14,1.0458300891969e-12,0,0,1.0458300891969e-12,1.99840144432528e-15,4.54747350886464e-13,3.97903932025656e-13,1.4210854715202e-13,1.77635683940025e-15,3.99680288865056e-15,49.0000000000007,2.20601314993019e-14,4.00000000000004,7.46069872548105e-13,2.20601314993019e-14,3.81916720471054e-14
11.8,602.982626743672,3.16580273992782,606.148429483599,-0.0555838216263158,524.67117679077,274.489123863682,50.0000000000017,2.53130849614536e-14,9.03721542044877e-14,7.105427357601e-15,0,0,7.105427357601e-15,4.46309655899313e-14,5.6843418860808e-13,1.13686837721616e-13,4.9737991503207e-14,6.77236045021345e-15,2.66453525910038e-15,49.5000000000008,2.23376872554581e-14,4.00000000000004,7.67386154620908e-13,2.23376872554581e-14,3.90798504668055e-14
11.9,602.657246172319,3.49118331128033,606.148429483599,-0.0555838216263604,524.67117679077,274.489123863682,50.0000000000016,1.85407245112401e-14,8.77076189453874e-14,1.78967951569575e-13,0,0,1.78967951569575e-13,1.4210854715202e-14,4.54747350886464e-13,2.27373675443232e-13,1.13686837721616e-13,6.55031584528842e-15,4.88498130835069e-15,50.0000000000008,2.25819363208757e-14,4.00000000000004,7.8159700933611e-13,2.25819363208757e-14,3.99680288865056e-14
12,602.406007766371,3.74242171722794,606.148429483599,-0.0555838216263747,524.67117679077,274.489123863682,50.0000000000015,2.50910403565285e-14,9.25926002537381e-14,1.81632486828676e-13,0,0,1.81632486828676e-13,4.2854608750531e-14,5.6843418860808e-13,3.41060513164848e-13,2.1316282072803e-14,2.77555756156289e-15,4.44089209850063e-16,50.5000000000008,2.28261853862932e-14,4.00000000000004,7.95807864051312e-13,2.28261853862932e-14,4.08562073062058e-14
12.1,602.27067313031,3.87775635328885,606.148429483599,-0.0555838216263318,524.671176790769,274.489123863683,50.0000000000015,2.23154827949656e-14,9.30366894635881e-14,2.53574938824386e-13,0,0,2.53574938824386e-13,5.57331958361829e-14,2.27373675443232e-13,2.8421709430404e-13,9.2370555648813e-14,6.99440505513849e-15,3.99680288865056e-15,51.0000000000008,2.31370478331883e-14,4.00000000000004,8.17124146124115e-13,2.31370478331883e-14,4.2632564145606e-14
12.2,602.332177142118,3.8162523414805,606.148429483599,-0.0555838216263875,524.67117679077,274.489123863683,50.0000000000014,2.93098878501041e-14,9.70334923522387e-14,3.26849658449646e-13,0,0,3.26849658449646e-13,3.17523785042795e-14,1.47792889038101e-12,2.8421709430404e-13,7.8159700933611e-14,4.44089209850063e-16,1.0769163338864e-14,51.5000000000008,2.33590924381133e-14,4.00000000000004,8.31335000839317e-13,2.33590924381133e-14,4.2632564145606e-14
12.3,602.623650953985,3.52477852961424,606.148429483599,-0.0555838216263558,524.671176790768,274.489123863683,50.0000000000013,2.88657986402541e-14,1.07802655691103e-13,3.03312930327593e-13,0,0,3.03312930327593e-13,1.06581410364015e-14,9.09494701772928e-13,2.8421709430404e-13,7.105427357601e-15,3.33066907387547e-15,1.70974345792274e-14,52.0000000000009,2.35367281220533e-14,4.00000000000004,8.5265128291212e-13,2.35367281220533e-14,4.44089209850063e-14
12.4,602.998485833515,3.14994365008444,606.148429483599,-0.0555838216263664,524.671176790769,274.489123863683,50.0000000000013,3.21964677141295e-14,9.07052211118753e-14,3.20188320301895e-13,0,0,3.20188320301895e-13,5.26245713672324e-14,4.54747350886464e-13,5.11590769747272e-13,9.9475983006414e-14,8.88178419700125e-15,5.55111512312578e-16,52.5000000000009,2.39808173319034e-14,4.00000000000004,8.5265128291212e-13,2.39808173319034e-14,4.44089209850063e-14
12.5,603.236524917707,2.91190456589246,606.148429483599,-0.0555838216263138,524.671176790769,274.489123863683,50.0000000000012,2.33146835171283e-14,9.01501095995627e-14,8.14459610865015e-13,0,0,8.14459610865015e-13,1.24344978758018e-14,1.13686837721616e-13,3.97903932025656e-13,7.105427357601e-15,4.21884749357559e-15,6.49480469405717e-15,53.0000000000009,2.38919994899334e-14,4.00000000000005,8.73967564984923e-13,2.38919994899334e-14,4.52970994047064e-14
12.6,603.160389982048,2.98803950155037,606.148429483598,-0.0555838216263014,524.671176790769,274.489123863683,50.0000000000012,2.75335310107039e-14,8.36553049055055e-14,4.75175454539567e-14,0,0,4.75175454539567e-14,9.10382880192628e-14,0,6.25277607468888e-13,2.1316282072803e-14,1.30728761149612e-14,2.41473507855972e-15,53.5000000000009,2.44249065417534e-14,4.00000000000005,8.73967564984923e-13,2.44249065417534e-14,4.70734562441066e-14
12.7,602.899809045245,3.24862043835293,606.148429483598,-0.0555838216263924,524.671176790769,274.489123863683,50.0000000000012,4.06064071256651e-14,8.12405698269458e-14,8.81961170762224e-13,0,0,8.81961170762224e-13,5.50670620214078e-14,1.13686837721616e-12,1.19371179607697e-12,2.8421709430404e-14,1.55153667691366e-14,1.57374113740616e-14,54.0000000000009,2.48689957516035e-14,4.00000000000005,8.88178419700125e-13,2.48689957516035e-14,4.70734562441066e-14
12.8,602.784591043082,3.3638384405173,606.148429483599,-0.0555838216264475,524.67117679077,274.489123863684,50.0000000000012,5.61217738948017e-14,6.55031584528842e-14,1.37223565843669e-12,0,0,1.37223565843669e-12,3.04201108747293e-14,1.36424205265939e-12,3.97903932025656e-13,1.84741111297626e-13,6.93889390390723e-15,1.43218770176645e-14,54.5000000000009,2.51354492775135e-14,4.00000000000005,9.09494701772928e-13,2.51354492775135e-14,4.79616346638068e-14
12.9,602.736040428615,3.41238905498578,606.148429483601,-0.0555838216264171,524.671176790771,274.489123863685,50.0000000000014,6.30606677987089e-14,5.11812814352197e-14,6.92335078156248e-13,0,0,6.92335078156248e-13,4.91828799908944e-14,6.82121026329696e-13,1.70530256582424e-13,7.105427357601e-15,6.66133814775094e-16,1.16573417585641e-14,55.0000000000009,2.56683563293336e-14,4.00000000000005,9.2370555648813e-13,2.56683563293336e-14,4.88498130835069e-14
13,602.623758380231,3.52467110336982,606.148429483601,-0.0555838216263679,524.671176790772,274.489123863685,50.0000000000014,6.3726801613484e-14,3.95239396766556e-14,9.45910016980633e-14,0,0,9.45910016980633e-14,4.52138326778595e-14,2.27373675443232e-13,5.11590769747272e-13,6.3948846218409e-14,1.11022302462516e-16,5.99520433297585e-15,55.5000000000009,2.66897615119888e-14,4.00000000000005,9.30810983845731e-13,2.66897615119888e-14,4.9737991503207e-14
13.1,602.698991011558,3.44943847204316,606.148429483601,-0.0555838216263227,524.671176790772,274.489123863685,50.0000000000013,6.36157793110215e-14,3.35287353436797e-14,5.6932236702778e-13,0,0,5.6932236702778e-13,2.66175970153881e-14,1.13686837721616e-13,3.97903932025656e-13,7.105427357601e-15,3.66373598126302e-15,8.21565038222616e-15,56.0000000000009,2.70006239588838e-14,4.00000000000005,9.45021838560933e-13,2.70006239588838e-14,4.88498130835069e-14
13.2,603.004373159733,3.14405632386895,606.148429483602,-0.055583821626296,524.671176790772,274.489123863685,50.0000000000013,5.99520433297585e-14,2.53130849614536e-14,3.63709062867201e-13,0,0,3.63709062867201e-13,5.7065463465733e-14,1.81898940354586e-12,5.11590769747272e-13,1.4210854715202e-14,2.66453525910038e-15,2.57571741713036e-14,56.500000000001,2.75779399316889e-14,4.00000000000005,9.52127265918534e-13,2.75779399316889e-14,4.9737991503207e-14
13.3,603.392667150757,2.75576233284469,606.148429483602,-0.0555838216263531,524.671176790774,274.489123863686,50.0000000000014,6.26165785888588e-14,-4.44089209850063e-16,4.13891143580258e-13,0,0,4.13891143580258e-13,8.88178419700125e-15,7.95807864051312e-13,2.8421709430404e-13,7.8159700933611e-14,4.66293670342566e-15,7.32747196252603e-15,57.000000000001,2.83995049699115e-14,4.00000000000005,9.80548975348938e-13,2.83995049699115e-14,4.9737991503207e-14
13.4,603.754192112688,2.39423737091471,606.148429483603,-0.055583821626362,524.671176790775,274.489123863686,50.0000000000014,6.72795152922845e-14,-7.7715611723761e-15,1.31894495325469e-13,0,0,1.31894495325469e-13,1.75415237890775e-14,2.27373675443232e-13,1.13686837721616e-13,2.1316282072803e-14,9.2148511043888e-15,1.13242748511766e-14,57.500000000001,2.89546164822241e-14,4.00000000000005,9.80548975348938e-13,2.89546164822241e-14,4.9737991503207e-14
13.5,604.01641919044,2.13201029316216,606.148429483602,-0.0555838216263445,524.671176790775,274.489123863686,50.0000000000014,5.80646641878957e-14,-1.90958360235527e-14,2.01128003141093e-12,0,0,2.01128003141093e-12,2.1094237467878e-14,1.13686837721616e-12,1.13686837721616e-13,2.98427949019242e-13,2.77555756156289e-15,7.105427357601e-15,58.000000000001,2.95763413760142e-14,4.00000000000005,1.00186525742174e-12,2.95763413760142e-14,4.9737991503207e-14
13.6,604.076357015941,2.07207246766325,606.148429483604,-0.0555838216263655,524.671176790776,274.489123863686,50.0000000000017,6.08402217494586e-14,-1.19904086659517e-14,1.15463194561016e-14,0,0,1.15463194561016e-14,2.88657986402541e-14,0,0,1.27897692436818e-13,3.5527136788005e-15,9.54791801177635e-15,58.500000000001,3.0186964039558e-14,4.00000000000005,1.00897068477934e-12,3.0186964039558e-14,4.9737991503207e-14
13.7,603.789029411835,2.35940007176952,606.148429483604,-0.0555838216263367,524.671176790776,274.489123863686,50.0000000000016,5.72875080706581e-14,-2.1538326677728e-14,1.20969900763157e-12,0,0,1.20969900763157e-12,9.54791801177635e-15,1.59161572810262e-12,1.13686837721616e-13,2.8421709430404e-14,4.44089209850063e-16,2.14273043752655e-14,59.000000000001,3.07558232354177e-14,4.00000000000005,1.03739239420975e-12,3.07558232354177e-14,5.06261699229071e-14
13.8,603.24489217983,2.90353730377345,606.148429483603,-0.0555838216263462,524.671176790775,274.489123863686,50.0000000000016,5.6843418860808e-14,-1.11022302462516e-16,9.54347711967785e-13,0,0,9.54347711967785e-13,2.66453525910038e-15,1.36424205265939e-12,2.27373675443232e-13,4.2632564145606e-14,3.27515792264421e-15,8.65973959207622e-15,59.500000000001,3.13027381793063e-14,4.00000000000005,1.04449782156735e-12,3.13027381793063e-14,4.88498130835069e-14
13.9,602.733567066386,3.41486241721812,606.148429483604,-0.0555838216263436,524.671176790776,274.489123863686,50.0000000000016,5.35682609381638e-14,-8.77076189453874e-15,8.84181616811475e-13,0,0,8.84181616811475e-13,6.88338275267597e-15,2.27373675443232e-13,2.27373675443232e-13,7.105427357601e-14,1.12410081243297e-15,1.11369247157711e-14,60.0000000000011,3.18967074974807e-14,4.00000000000005,1.05870867628255e-12,3.18967074974807e-14,4.88498130835069e-14
14,602.197549183607,3.95088029999788,606.148429483605,-0.0555838216263504,524.671176790776,274.489123863686,50.0000000000015,5.24441601257308e-14,2.36616282123236e-15,1.58761892521397e-12,0,0,1.58761892521397e-12,3.10862446895044e-15,3.41060513164848e-13,1.70530256582424e-13,9.2370555648813e-14,2.56739074444567e-15,8.7360674250192e-15,60.5000000000011,3.23963078585621e-14,4.00000000000005,1.08002495835535e-12,3.23963078585621e-14,4.88498130835069e-14
14.1,601.58778088308,4.56064860052702,606.148429483607,-0.0555838216263473,524.671176790776,274.489123863686,50.0000000000016,4.98767693812852e-14,1.11022302462516e-14,4.71622740860766e-13,0,0,4.71622740860766e-13,1.04360964314765e-14,5.6843418860808e-13,3.97903932025656e-13,1.13686837721616e-13,3.24740234702858e-15,1.33226762955019e-14,61.0000000000011,3.28848059893971e-14,4.00000000000005,1.09423581307055e-12,3.28848059893971e-14,4.88498130835069e-14
14.2,601.35867989901,4.78974958459702,606.148429483607,-0.0555838216263578,524.671176790775,274.489123863686,50.0000000000017,4.66293670342566e-14,2.44249065417534e-14,9.9031893796564e-13,0,0,9.9031893796564e-13,2.66453525910038e-15,1.59161572810262e-12,4.54747350886464e-13,7.8159700933611e-14,7.7715611723761e-16,6.66133814775094e-15,61.5000000000011,3.33844063504785e-14,4.00000000000005,1.11555209514336e-12,3.33844063504785e-14,4.9737991503207e-14
14.3,601.752942467962,4.39548701564641,606.148429483608,-0.0555838216263604,524.671176790777,274.489123863686,50.0000000000018,4.5852210917019e-14,3.10862446895044e-14,1.18260956583072e-12,0,0,1.18260956583072e-12,2.09277040141842e-14,5.6843418860808e-13,1.13686837721616e-13,1.91846538655227e-13,5.55111512312578e-16,6.99440505513849e-15,62.0000000000011,3.38423733481363e-14,4.00000000000005,1.13686837721616e-12,3.38423733481363e-14,4.9737991503207e-14
14.4,602.452404016259,3.69602546735071,606.148429483609,-0.0555838216263395,524.671176790776,274.489123863686,50.000000000002,4.64073224293315e-14,3.80806497446429e-14,2.97983859809392e-13,0,0,2.97983859809392e-13,1.78676518025611e-14,1.13686837721616e-13,2.27373675443232e-13,7.105427357601e-15,3.5527136788005e-15,7.43849426498855e-15,62.5000000000012,3.42836870004248e-14,4.00000000000005,1.15107923193136e-12,3.42836870004248e-14,5.06261699229071e-14
14.5,603.249409303407,2.89902018020306,606.14842948361,-0.0555838216263574,524.671176790777,274.489123863687,50.000000000002,4.2854608750531e-14,3.06421554796543e-14,8.88178419700125e-13,0,0,8.88178419700125e-13,2.26971219596805e-14,2.38742359215394e-12,3.97903932025656e-13,1.27897692436818e-13,2.66453525910038e-15,1.3988810110277e-14,63.0000000000012,3.47055717497824e-14,4.00000000000005,1.17950094136177e-12,3.47055717497824e-14,5.15143483426073e-14
14.6,603.953411893707,2.19501758990306,606.14842948361,-0.0555838216263347,524.671176790779,274.489123863686,50.0000000000021,4.01900734914307e-14,1.66533453693773e-14,1.87183601951801e-13,0,0,1.87183601951801e-13,3.40838468559923e-14,9.09494701772928e-13,2.27373675443232e-13,4.9737991503207e-14,3.5527136788005e-15,1.55431223447522e-15,63.5000000000012,3.51940698806175e-14,4.00000000000005,1.17950094136177e-12,3.51940698806175e-14,5.15143483426073e-14
14.7,604.291409000644,1.85702048296682,606.148429483611,-0.0555838216263688,524.67117679078,274.489123863686,50.0000000000021,4.37427871702312e-14,1.82076576038526e-14,4.51860771022439e-13,0,0,4.51860771022439e-13,3.40838468559923e-14,0,7.38964445190504e-13,3.5527136788005e-14,2.88657986402541e-15,1.73194791841524e-14,64.0000000000012,3.55493412484975e-14,4.00000000000005,1.20792265079217e-12,3.55493412484975e-14,5.06261699229071e-14
14.8,604.201083630708,1.94734585290277,606.148429483611,-0.0555838216263347,524.67117679078,274.489123863687,50.0000000000021,4.08562073062058e-14,8.88178419700125e-16,3.01980662698043e-14,0,0,3.01980662698043e-14,1.24344978758018e-14,9.09494701772928e-13,3.97903932025656e-13,4.9737991503207e-14,2.22044604925031e-16,1.11022302462516e-15,64.5000000000012,3.61044527608101e-14,4.00000000000005,1.23634436022257e-12,3.61044527608101e-14,5.15143483426073e-14
14.9,603.816402706024,2.33202677758725,606.148429483611,-0.0555838216263471,524.671176790781,274.489123863687,50.0000000000022,4.06341627012807e-14,1.99840144432528e-15,2.40252262528884e-13,0,0,2.40252262528884e-13,4.88498130835069e-15,1.02318153949454e-12,7.95807864051312e-13,1.4210854715202e-14,6.21724893790088e-15,6.66133814775094e-16,65.0000000000013,3.66373598126302e-14,4.00000000000005,1.25055521493778e-12,3.66373598126302e-14,5.06261699229071e-14
15,603.372893268977,2.77553621463409,606.148429483611,-0.055583821626352,524.67117679078,274.489123863686,50.0000000000022,3.44169137633799e-14,2.66453525910038e-15,0,0,0,0,0,0,0,0,0,0,65.5000000000013,3.68594044175552e-14,4.00000000000005,1.27897692436818e-12,3.68594044175552e-14,5.06261699229071e-14
